self.nb_activeCS_Cparking,self.nb_activeCS_Cparking_fast,self.nb_solar,self.nb_electrical,self.nb_wind,self.avg_statisfied_day,self.monthly_profit,self.monthly_energy_consumption,self.monthly_renew_charge,self.self_consumption,self.self_sufficiency,self.payback_period,self.payback_period_norm,self.metric
20,2,200,50.0,0.0,0.914525937544972,56421142.48684269,29575883.333333462,8691006.435745146,0.9995034003079644,0.2959110022638495,39.08183522218668,0.6513639203697781,1.8026186597258296
20,2,300,50.0,0.0,0.8756645427021406,64032991.17595613,28630616.666666698,13008413.441982772,0.9973492762509076,0.4597807551554743,51.69231100220925,0.8615385167034875,2.1050276635300076
20,2,400,50.0,0.0,0.8883357973893515,73808030.77713731,29256333.33333338,17380230.735547654,0.9994009236300536,0.5975188641274295,59.61980538383229,0.9659874370510672,2.3323383257423624
20,2,500,50.0,0.0,0.912919905519003,82148215.60595751,30358533.33333353,20748074.3806523,0.9544473840457584,0.6939466446210453,67.38668490124226,0.8815102513072055,2.3495874725230452
20,2,600,50.0,0.0,0.8853723589995214,85610207.89633706,30004883.333333492,22663086.18659645,0.8687843719998153,0.7604098109373306,78.30086718491825,0.7479256203056425,2.2416258280550285
20,2,700,50.0,0.0,0.906971229351998,89660233.8200751,29401716.6666668,25024121.61383156,0.8222521203026718,0.8548394197437293,86.6870567066931,0.6484198265566332,2.239262591703614
20,2,800,50.0,0.0,0.8964595091105002,91036492.40224244,29405566.666666787,25693340.980433505,0.738711387026302,0.8756947702648283,97.59704407664704,0.5421826025625255,2.1391979278848887
20,2,900,50.0,0.0,0.9045930877253806,91498090.68795596,28710000.0000001,26361963.895211533,0.6737200179126093,0.9234236615423846,108.823933092952,0.4486699139455264,2.092001930904815
20,4,200,50.0,0.0,0.879670775115304,57425939.599220514,30341666.666666843,8693292.46748956,0.9997663038644908,0.2873974611579239,38.328020642364855,0.6388003440394143,1.7483890880810573
20,4,300,50.0,0.0,0.927069771761796,64795733.256710865,29266600.00000008,12975298.677425018,0.9948103819720476,0.4534665097831979,51.32732330964019,0.8444897489478758,2.13433272853623
20,4,400,50.0,0.0,0.9339107749997634,74698970.24243894,30823833.333333455,16815947.897724964,0.9669534378693984,0.5542188360052366,59.51841200871122,0.9064413433203882,2.2837271871243408
20,4,500,50.0,0.0,0.9000336380189976,80221666.05579178,29257250.00000007,20509775.93417506,0.9434852424662749,0.7075544931613815,68.96731330130025,0.8653835011858853,2.331460733733988
20,4,600,50.0,0.0,0.9012844828411672,83728215.97461967,28626216.66666671,22623333.499895506,0.867260461590331,0.7966639390495864,79.85541548856699,0.7276913636077326,2.2663069976885692
20,4,700,50.0,0.0,0.90760907414274,90599774.95459616,30650583.33333358,24686650.295068298,0.8111633591594611,0.8074320032706721,86.22262311038955,0.6569210340832857,2.2104757108425637
20,4,800,50.0,0.0,0.8838303999631447,86865192.75640534,28307216.66666671,24357638.420239825,0.7003084914415407,0.8593437971519299,102.20909697534672,0.5023885891765001,2.0736940268611885
20,4,900,50.0,0.0,0.9056615399146116,89158931.77700235,28769766.666666795,25182259.562551543,0.6435708823136624,0.8805639039345406,112.082512743552,0.4278514615295721,2.0379641245918165
20,6,200,50.0,0.0,0.9257936663757416,55421006.521436736,28825500.00000007,8681179.528926034,0.9983732634414432,0.3044557117532006,39.85116953624494,0.6641861589374155,1.8335443947157173
20,6,300,50.0,0.0,0.9192332110749616,66156026.05996798,30249816.66666681,13012493.326810168,0.997662079207082,0.4351783206451534,50.04048825937608,0.8340081376562679,2.101384005247352
20,6,400,50.0,0.0,0.9004248739260099,70566443.98686191,28512916.666666698,16272039.118364338,0.9356775046131316,0.5757657614388288,63.27420675692849,0.90312590654104,2.264163389618113
20,6,500,50.0,0.0,0.9191338181521974,77107036.64570951,28329216.666666698,19581216.6971088,0.9007699080940472,0.6944627148106796,71.85723485327902,0.8259102619910872,2.3006142519918287
20,6,600,50.0,0.0,0.9007724886006752,82843418.0157632,29549483.333333455,21603038.61188995,0.8281476838233395,0.7355296836248323,80.78945692903429,0.7169930530027318,2.206189288503273
20,6,700,50.0,0.0,0.9085043348819016,81980188.95343374,27900033.33333335,22233078.94262249,0.7305429770339462,0.7972468811613532,95.46556577416963,0.566083898023833,2.1123857378348174
20,6,800,50.0,0.0,0.9112627530114754,86709370.938766,28791400.00000013,23972979.92781772,0.689249143080229,0.835118586154338,106.4856576992988,0.5008962387611304,2.080253860696076
20,6,900,50.0,0.0,0.9266009225822288,87478926.43932989,28145333.33333335,24760348.67707634,0.6327883089648115,0.8800904225864331,114.79496347149798,0.4127657819298976,2.043439042581273
20,8,200,50.0,0.0,0.9711504119948534,55297083.444310114,28864183.33333339,8596043.603860272,0.988582263144675,0.3036159117122385,40.15333095256464,0.669222182542744,1.8832653239073884
20,8,300,50.0,0.0,0.962671595965911,66277100.471037254,30642700.000000127,12821165.253474904,0.9829930408713572,0.4265563255156341,50.12743700306599,0.8354572833844331,2.1393739397628515
20,8,400,50.0,0.0,0.9286838685584122,68299907.60012588,27137183.333333325,16042742.5574065,0.9224924555597974,0.599757534428071,65.20149383486202,0.8920728368028549,2.3005627329037237
20,8,500,50.0,0.0,0.9550683135618062,74758123.46484494,27538316.66666663,18938953.260864656,0.8712246767947466,0.6898296334538271,73.96669815728866,0.7963675216921607,2.3032995420170286
20,8,600,50.0,0.0,0.9142091956941436,79295054.3805465,27876749.999999978,20937458.37671048,0.802632813435657,0.7526323829072772,84.62112540873926,0.6755434255369259,2.1918585275568914
20,8,700,50.0,0.0,0.9498743050639272,82483737.3317778,28031850.000000037,22394814.331435185,0.7358573400486187,0.8062423826364198,94.00339142446516,0.5733894721792152,2.168257683352278
20,8,800,50.0,0.0,0.9530264835051624,80436821.75244716,26585899.999999955,22317457.142889403,0.6416510695700783,0.8402989278937578,111.62656932489864,0.4391488477592895,2.0644144735794585
20,8,900,50.0,0.0,0.9310680324218448,83246548.89875764,27906450.000000037,22847027.102045204,0.5838904707412829,0.8171895773255129,121.89678694757336,0.3754274637084626,1.9602471579907177
20,10,200,50.0,0.0,0.9508580485941944,57041465.61950433,30204533.333333485,8593059.257932497,0.9882390504311004,0.2878843331597479,38.8078326944939,0.6467972115748982,1.827962726696891
20,10,300,50.0,0.0,0.939838059684185,64231586.471019626,29089133.33333332,12813085.246959316,0.9823735503634357,0.4429533122096502,51.47893376929577,0.8579822294882629,2.152182938940168
20,10,400,50.0,0.0,0.942721433035685,71664188.69576272,30093433.333333395,15800389.505008545,0.9085566299602158,0.5285703058612375,62.90775916820989,0.8745079910732694,2.240085668797944
20,10,500,50.0,0.0,0.9496187494773548,74536679.66468278,27661883.33333335,18752119.748503,0.862630011388498,0.6801834677019013,74.30589799895927,0.7929812559961784,2.2867467796350542
20,10,600,50.0,0.0,0.9485370971212786,77452256.0082628,27376250.000000052,20357104.363882743,0.7803850713399527,0.7451489072207351,86.2998119975929,0.6543060085578383,2.198962231455705
20,10,700,50.0,0.0,0.9569852140903026,83888166.16961667,29423166.666666787,22193432.81419361,0.7292402694438256,0.7541222573650342,92.6964415118393,0.5878101944832868,2.1480932144656166
20,10,800,50.0,0.0,0.9399561448457432,85209109.20941557,28773983.333333418,23251888.877215706,0.6685169942106786,0.8070913850776069,104.58461904894584,0.486017388971844,2.071646641879673
20,10,900,50.0,0.0,0.9543811778926936,88031996.51396933,29328016.666666795,24276447.086693622,0.6204214690193323,0.8281059297014292,113.74871770016512,0.4177292015361713,2.0345951231900083
25,2,200,50.0,0.0,0.9695435885023826,60467653.87020874,32748100.000000335,8644852.092178589,0.994195450800066,0.2673663181280163,36.59270231271304,0.6098783718785508,1.7933150148833463
25,2,300,50.0,0.0,0.95720133959573,68815736.85661101,32387483.333333623,12948926.447019588,0.992788434789535,0.4036281987947618,48.117230494730755,0.8019538415788461,2.0820577402103857
25,2,400,50.0,0.0,0.9733604315885354,72101165.2637843,28584050.00000002,16976604.504856464,0.9761915408610978,0.598114915982733,61.406730489762616,0.9412851435872532,2.393137507961975
25,2,500,50.0,0.0,0.9606970691874034,85960231.89142035,32384550.000000287,21318046.001994006,0.980667066556498,0.669032480914467,64.25466241821525,0.9171234029430856,2.4130464568620624
25,2,600,50.0,0.0,0.970678879963754,91300413.49649252,32448166.666667014,23883735.723031174,0.9155777006847016,0.7396627311425501,72.84951773176469,0.8127794592085253,2.37518852408632
25,2,700,50.0,0.0,0.952331645379408,90264508.7787616,29406850.000000097,25316656.58634821,0.8318643458635299,0.8619386630625024,85.72979486415369,0.6558548266279333,2.2977374024573436
25,2,800,50.0,0.0,0.9455163764636256,105749382.96579936,33834716.66666706,30051688.465494376,0.8640185986607772,0.8902894050936929,83.75489424977452,0.6782759666211755,2.3360238671597555
25,2,900,50.0,0.0,0.9760944316620576,109585738.94608817,34927750.00000049,31227312.890557952,0.7980613995079041,0.8959188407305266,90.66630552519352,0.60349495264135,2.2963244568878287
25,4,200,50.0,0.0,0.9595718036920876,61577923.87266372,33553483.33333367,8673373.014151113,0.9974754804148424,0.2613455006052215,35.88290841879568,0.5980484736465946,1.7666966778228594
25,4,300,50.0,0.0,0.9560630646528364,66534536.06981103,30915133.333333503,12774054.955170147,0.9793811152412436,0.4175659468293967,50.00581257011187,0.819333883473664,2.1094497055900177
25,4,400,50.0,0.0,0.9595374691819916,79245989.83390567,33722700.00000028,17188291.99637445,0.9883640302694978,0.5112511824566212,55.56226305622057,0.9198252447649912,2.2883636599122794
25,4,500,50.0,0.0,0.9496658562326936,83291749.25866526,30360183.333333492,21306010.977060925,0.9801134345493264,0.705081445960981,66.07792918351126,0.9048753088996296,2.418606321901108
25,4,600,50.0,0.0,0.9543190111685254,90434041.5056376,31705300.00000026,23934400.376917005,0.9175199189309884,0.7611585898325822,73.9089973590664,0.8021620665625433,2.3654079495971345
25,4,700,50.0,0.0,0.9598083542031496,89871149.51152807,30496400.0000002,24430218.53498953,0.8027374267055055,0.8068565026684691,86.39191741904344,0.6507275054857218,2.2560210618236467
25,4,800,50.0,0.0,0.9463112279593976,98933354.91481884,32464300.000000276,27598655.823076796,0.7934912527978526,0.8517093820775112,90.20585612301431,0.6150201312603526,2.2426988648817594
25,4,900,50.0,0.0,0.9589213480142794,96515743.30499266,30577983.33333354,27621065.758089293,0.7058982779612049,0.907216486466307,104.68685085540451,0.4921588714150135,2.1768534086023386
25,6,200,50.0,0.0,0.96950362690535,58614555.79422663,31297750.000000216,8664890.65929341,0.9964999728501462,0.2796063121895736,37.68877983959683,0.6281463306599472,1.821335007316956
25,6,300,50.0,0.0,0.9700331911391752,68851607.42197976,32274550.00000025,13038414.733355496,0.9996494619246356,0.4081183869314899,48.051288482993435,0.8008548080498906,2.0973827087342576
25,6,400,50.0,0.0,0.9641559017835626,75245068.96580543,30740600.00000016,17136413.876267176,0.9853809259632152,0.5664206766954176,58.83958692271646,0.9271658106307348,2.3444582537706316
25,6,500,50.0,0.0,0.950367777578086,84416188.77987286,32199750.000000305,20682275.23013092,0.9514205090724296,0.6496504972918911,65.94799995239046,0.8969666913902776,2.3670548668018765
25,6,600,50.0,0.0,0.9301620090401168,88036545.53894103,31417650.00000024,22947662.91147221,0.8796935574995894,0.7309444186765072,75.68487763484508,0.7769107221324404,2.291828266113763
25,6,700,50.0,0.0,0.9725225222711832,94635660.9329687,32533416.66666702,25457142.71984731,0.8364804927527343,0.7834542310905805,82.30147205300827,0.6981473083649358,2.2974332155085833
25,6,800,50.0,0.0,0.9758845272437128,92449359.39867295,30577433.333333492,25636846.33089573,0.7370871046509037,0.8393443638947142,95.72452890433436,0.5564674190982531,2.203827437457737
25,6,900,50.0,0.0,0.9729673833830056,99121119.2303508,32799066.666666955,27476917.92598801,0.7022143612237656,0.8412460793577298,100.32470018362952,0.5150241698538929,2.1609884167230824
25,8,200,50.0,0.0,0.9734605894576516,58389087.39990091,31142466.666666828,8653827.525573496,0.995227664533167,0.2825912496303116,37.96508741856918,0.6327514569761531,1.832285046138054
25,8,300,50.0,0.0,0.9549997808761532,71222127.73899387,34193133.33333371,12972455.96501984,0.9945924324755516,0.3818436031543702,46.3976191216331,0.7732936520272183,2.033768315426868
25,8,400,50.0,0.0,0.946429084268374,77230228.24427861,32547533.33333359,16953546.304348946,0.9748656443735828,0.5251200098384521,57.21186284892534,0.9266945705211872,2.2932196626603227
25,8,500,50.0,0.0,0.9439627766827998,85133662.66080864,32484650.00000026,20850842.57075365,0.9591748989180214,0.6419155259647111,64.71253371083996,0.92625532698391,2.3837505244384785
25,8,600,50.0,0.0,0.9605766437142036,89243522.42051414,31582466.666666854,23431667.94558965,0.8982477829103882,0.7436264325551333,74.26340471219338,0.7918797684968798,2.3473575582551898
25,8,700,50.0,0.0,0.958516432157921,91064858.88956238,30910916.666666854,24748593.650347207,0.8131987175229927,0.803239984908064,85.75314581930206,0.6611262765929569,2.2622346966773295
25,8,800,50.0,0.0,0.9745061926376748,93980370.99619462,32559266.666666936,25120856.708732747,0.7222518440372891,0.7730583082170773,94.76145717837416,0.5697274173061464,2.1626802565174836
25,8,900,50.0,0.0,0.9652619842161828,101846704.97063808,33223300.000000365,28536721.248073895,0.7292992444281325,0.8585415696058059,98.0364290513658,0.537962122771073,2.1900573626719004
25,10,200,50.0,0.0,0.9721556117108008,57465435.3016016,30395933.333333455,8678874.10196891,0.9981081293514104,0.2889256123782465,38.46867700979175,0.6411446168298625,1.8444407184432603
25,10,300,50.0,0.0,0.9801076477439404,67529696.98075595,31311316.666666824,13007215.266352003,0.9972574126578956,0.417241623899019,48.88269439659168,0.8147115732765281,2.1286125201396837
25,10,400,50.0,0.0,0.9632540079030546,76900057.53832127,32222483.333333544,16999590.518132646,0.9775132864264086,0.5311528998853193,57.39351529591427,0.937241967022324,2.325418294833634
25,10,500,50.0,0.0,0.9837289679095084,84518304.84486476,32745716.666666947,20384121.788610857,0.9377049339746062,0.6244254460346009,65.46005542096115,0.9121350462860442,2.3954043710232336
25,10,600,50.0,0.0,0.9827704238982304,90892644.21862864,33046750.000000335,23303199.30956266,0.8933229663009719,0.7099209700910322,73.17296614739179,0.8084138852588886,2.359121085229945
25,10,700,50.0,0.0,0.9885384927581944,101741405.0395768,35910416.66666709,26772604.94854813,0.8797044517559336,0.7512138239727384,76.08927135840995,0.7691836565603942,2.358693208496779
25,10,800,50.0,0.0,0.9836120069733418,99129286.23377816,33474100.00000029,27050648.26766404,0.7777354419179777,0.8090706868093779,89.37459015712606,0.6183926822362017,2.249261238657046
25,10,900,50.0,0.0,0.9802344736201236,96268737.57753985,31132566.666666847,27147033.761610072,0.693783670474881,0.8749285666667485,104.74750791474516,0.4890686433609353,2.1692459703144573
30,2,200,50.0,0.0,0.9870483089659114,62750226.71179476,34420466.66666712,8693800.510066558,0.9998247309623152,0.255335479359689,35.21763243807679,0.5869605406346131,1.7782772330882757
30,2,300,50.0,0.0,0.9925602297452092,70653628.72889605,33707850.00000037,13005210.65343805,0.9971037198768494,0.3925960679304225,46.96252723839004,0.7827087873065006,2.089345871396048
30,2,400,50.0,0.0,0.9837695666877544,78648346.34269942,32987716.666666985,17365977.73354392,0.9985813451340156,0.5324029889499082,56.06173010040095,0.9236264450933964,2.333318402941077
30,2,500,50.0,0.0,0.995665148317432,90058472.8350374,35109066.666667126,21582494.76250309,0.9928321679076578,0.6195900473554662,61.159574896662015,0.950944386894102,2.442281573095907
30,2,600,50.0,0.0,0.9983460372855462,94762914.16417684,33326150.000000376,25014866.893204007,0.9589393626947598,0.7565887151390275,69.98604317401403,0.8504659441830554,2.4540829535798236
30,2,700,50.0,0.0,0.9972813876262347,94928509.91718297,31766166.66666697,26089993.289660677,0.8572749378443125,0.8238597719525945,81.94495531206209,0.7018651236325302,2.3582343288208407
30,2,800,50.0,0.0,0.9871485079715132,102901972.5767601,33636350.000000425,28789360.40837409,0.8277252995266677,0.8594935882542172,85.98134194805135,0.6532539982635378,2.327997376838425
30,2,900,50.0,0.0,0.993391291108224,102097674.64069492,32176833.33333368,29327101.174895205,0.7494986036478204,0.9141331186709892,97.5427419962829,0.5401539753238994,2.2648517613689148
30,4,200,50.0,0.0,0.9920082212774868,60114855.37217126,32404533.33333368,8692549.945747437,0.9996809106466238,0.2742504167050538,36.956317462797,0.6159386243799501,1.8273471790214804
30,4,300,50.0,0.0,1.0,71179634.05415876,34070116.666667044,13031020.833328646,0.999082574896226,0.3835068928184339,46.350160249525786,0.7725026708254297,2.079308185080177
30,4,400,50.0,0.0,1.0,79938743.77423087,33962683.333333686,17374318.858416848,0.9990609778862474,0.5230053674740281,55.329410466526326,0.9010703515037056,2.319474645482928
30,4,500,50.0,0.0,0.9967628086972852,89035568.94418302,34283150.00000043,21609699.87514944,0.9940836502438788,0.637059177075652,61.863482690975026,0.9558956132071448,2.462305763564952
30,4,600,50.0,0.0,0.9926841422086452,91892566.82043488,32913650.00000035,23876935.05145597,0.9153169984513428,0.7298889952145199,72.08938053734148,0.8206526043867086,2.3972479427669695
30,4,700,50.0,0.0,0.9913142402000512,100942467.50910588,34476383.333333805,27297613.89739903,0.8969553957863499,0.7981020304509113,77.07676278729738,0.760016869505806,2.3898127340665867
30,4,800,50.0,0.0,1.0,103336584.4116482,34278016.666667104,28592481.52512434,0.8220648183524848,0.834874824096066,85.69381103661502,0.6568957313856038,2.3247955906624567
30,4,900,50.0,0.0,0.9944310152967556,108094575.89738548,34474550.00000048,30789318.49555094,0.7868677876502024,0.8966483089023913,92.54994908784776,0.5892986877669193,2.3010483501855883
30,6,200,50.0,0.0,0.9955064728354666,60960917.15329669,33057016.666666996,8689581.9358851,0.9993395766513624,0.2657514038948821,36.24520167432391,0.6040866945720651,1.8121942905234376
30,6,300,50.0,0.0,0.9887599255344672,72137373.3531633,34795383.3333337,13036165.3098236,0.9994769996223324,0.3806556801039042,45.96889256263778,0.7661482093772963,2.059432678994887
30,6,400,50.0,0.0,0.9937493257067928,80950847.05104741,34794100.00000041,17338336.969763666,0.9969919413296502,0.5004120462958653,54.35225117200647,0.9058708528667744,2.2999498156102596
30,6,500,50.0,0.0,0.9896697971721724,90170016.80993864,35592700.000000454,21328672.820857424,0.9811559186436284,0.6022131547516542,61.08425702715982,0.960104278644349,2.431544599617845
30,6,600,50.0,0.0,0.9888521827310146,96650424.2659733,34886500.000000454,24941510.622728843,0.9561272663698246,0.7166607890977474,68.55847730596646,0.8703026452658073,2.43248345927502
30,6,700,50.0,0.0,0.9982790828876904,98477295.16628686,33881283.33333379,26473811.19226525,0.8698865726939567,0.7858697227605331,78.56551828656737,0.7377977800903435,2.36477264118646
30,6,800,50.0,0.0,0.9959039344869476,99981835.5426733,33508566.666667104,27445655.185946792,0.7890923187333304,0.821620988733683,89.02266139187596,0.6251640217101095,2.2783647471840034
30,6,900,50.0,0.0,0.9982803353238752,100256822.87161264,33074250.00000035,27856687.345832635,0.7119199454267261,0.8443011775075899,99.36105669223198,0.5244856454339224,2.1982069227638696
30,8,200,50.0,0.0,0.9983453466942253,61837311.42789272,33734066.666667044,8685759.083076907,0.9988999320130902,0.2604533810937273,35.75350543350734,0.5958917572251223,1.8025998087943296
30,8,300,50.0,0.0,0.9916056078071216,71351961.13266665,34193500.000000365,13036481.275092827,0.9995012245390748,0.385970551040731,46.410211768002426,0.7735035294667071,2.073885578106413
30,8,400,50.0,0.0,0.9950873661122674,82511796.58786662,35975683.3333338,17347024.9656083,0.9974915199142924,0.4831843083575229,53.28671753589432,0.888111958931572,2.269746771729858
30,8,500,50.0,0.0,0.99457515619476,89914392.10208678,35420733.33333383,21313525.802221328,0.9804591295321148,0.6031937250966901,61.12660248971756,0.9689917459462164,2.4461218822183284
30,8,600,50.0,0.0,0.9955431865501136,91977462.4369869,33260883.3333337,23697046.756296687,0.9084210206373192,0.7153199908001812,71.96620964349992,0.8218589398448369,2.3896581190350954
30,8,700,50.0,0.0,0.9949757415231846,98385185.4678084,34779066.66666715,25856624.890746564,0.849606830096918,0.74761840554585,78.65039154952254,0.7369775093796643,2.3300479753395287
30,8,800,50.0,0.0,1.0,101523367.21559016,34187266.6666671,27765396.265945185,0.7982852211618147,0.8128313818975977,86.8522361725744,0.6416329265047851,2.2918980320228632
30,8,900,50.0,0.0,0.9962856405536752,106816766.0826944,34617183.33333382,30074780.209545866,0.7686066767268986,0.8741250617492528,93.28367003588092,0.5799807024652427,2.2755663924183205
30,10,200,50.0,0.0,0.9960985773163744,65214916.41351523,36320533.333333835,8685602.674563307,0.9988819443562712,0.2428564315416957,33.97008215602302,0.5661680359337169,1.756551758483448
30,10,300,50.0,0.0,1.0,68657210.4888877,32127150.00000015,13038385.841330906,0.999647246785953,0.4095650010388823,48.1661638997738,0.8027693983295633,2.130421399160669
30,10,400,50.0,0.0,0.996612239106266,81314031.07736273,35067633.333333634,17341240.577856638,0.997158905086008,0.5043138355897506,54.39233696812064,0.8990284522384568,2.2990917598165233
30,10,500,50.0,0.0,0.9915963432329068,89499150.30064677,35247300.00000037,21221413.616713155,0.9762218093411386,0.6067549423456827,61.634885013299126,0.9520753332736448,2.429075630383098
30,10,600,50.0,0.0,0.9789152043593632,97343374.20775488,35972383.33333383,24587575.19493389,0.9425592304088978,0.687028925661622,67.93943777572315,0.8780852571802507,2.406623602068912
30,10,700,50.0,0.0,0.986906730290248,96452396.74619484,33652300.0000003,25631524.13186603,0.8422103836150981,0.770822417346812,80.39367492050187,0.717442176905891,2.3210068410735887
30,10,800,50.0,0.0,0.985479980242691,101323813.85412388,33995316.66666703,27790351.531213127,0.7990027120725424,0.8227162025438849,87.56872912855746,0.6383483375257162,2.2820012798035156
30,10,900,50.0,0.0,0.9982362701739316,97282033.0222524,32789350.00000036,26586452.865910627,0.6794571744447161,0.8126918197180448,102.76723718195588,0.4989272259090928,2.1473169518574604
35,2,200,50.0,0.0,1.0,58847903.43275289,31453583.333333604,8681238.1321384,0.9983800030648065,0.2798872280772352,37.59299826693423,0.6265499711155705,1.8504597535773588
35,2,300,50.0,0.0,1.0,71314822.38864712,34163433.333333746,13038414.733355502,0.999649461924636,0.3857300149293458,46.40256222646704,0.773376037107784,2.0819600490512604
35,2,400,50.0,0.0,1.0,77681081.41745439,32464483.333333593,17228306.25546773,0.9906649368630108,0.5356456519042803,56.765164018693824,0.9317562660295532,2.3602727875529776
35,2,500,50.0,0.0,1.0,91208834.3245275,35840383.33333388,21678685.712310992,0.9972571183261236,0.610438669119913,60.36415406021255,0.9566258801973782,2.4449768154933085
35,2,600,50.0,0.0,1.0,93980791.40281816,32779633.333333693,24982393.168773223,0.9576944896861234,0.7666044490283369,70.3659771555128,0.8433809749321475,2.4566645341548172
35,2,700,50.0,0.0,1.0,94482559.08940987,31538100.00000028,26018610.94326099,0.854929429514986,0.8279104746135658,82.01223332222995,0.697875140158871,2.3602035198497235
35,2,800,50.0,0.0,1.0,102986401.4980413,33390500.00000041,28988160.971875597,0.8334410310898631,0.8718750726683417,86.0563950564978,0.6535191411551402,2.3510191992898135
35,2,900,50.0,0.0,1.0,99855512.80173326,32173166.666667003,28236061.72201,0.7216154336888971,0.8803125112403482,99.5528148809852,0.521288474336283,2.2255384833285614
35,4,200,50.0,0.0,1.0,61988077.8714761,33837100.00000042,8694562.520648029,0.9999123654811576,0.2609036682236312,35.73850563565806,0.5956417605943011,1.8043646951732064
35,4,300,50.0,0.0,1.0,71182488.03571248,34059116.66666701,13040319.669291256,0.9997955125160708,0.388280208013488,46.55067964114073,0.7758446606856789,2.0864688270964695
35,4,400,50.0,0.0,1.0,77840183.77782509,33039600.000000328,16939384.82730948,0.9740513287612904,0.5153216726689084,56.64169970659566,0.9316293133114316,2.3438866514465584
35,4,500,50.0,0.0,1.0,86380900.29662965,32386200.000000317,21524088.057570346,0.990145358244696,0.6679592436957351,63.654701060568776,0.939578888021585,2.473946282978173
35,4,600,50.0,0.0,1.0,99402229.7594334,36569866.6666673,25212453.502243698,0.9665138014378662,0.6955912170535344,66.63456560990039,0.8982475831220119,2.4547205567648396
35,4,700,50.0,0.0,1.0,104818678.97973374,35054983.33333384,28821475.880786628,0.9470270333137392,0.8283221027125194,73.7622302560039,0.7986227714173817,2.461280453587397
35,4,800,50.0,0.0,1.0,101070028.38606824,32977083.33333369,28316393.79505452,0.8141269970245327,0.8636443202786392,87.50343608776244,0.6366929865872728,2.327608442810184
35,4,900,50.0,0.0,1.0,101619151.65703031,32335233.33333368,28993494.51294728,0.7409727788209325,0.8975350185422416,98.19074159807948,0.5355630943120222,2.253591109145815
35,6,200,50.0,0.0,1.0,61977407.95909853,33832516.66666706,8692276.488903616,0.9996494619246308,0.25801449329786,35.53853786160903,0.5923089643601505,1.7987205589984383
35,6,300,50.0,0.0,1.0,72012681.53619935,34743683.33333372,13009157.85075544,0.9974063497406124,0.3791656788118741,46.01158540532732,0.7668597567554553,2.0701922998049547
35,6,400,50.0,0.0,1.0,76606417.84103519,31906416.666666903,17059527.090142,0.9809597691766548,0.539843253585469,57.53353258973057,0.942957561969378,2.3748321648377533
35,6,500,50.0,0.0,1.0,85779071.8824198,32371533.33333364,21239718.244225733,0.9770638539340384,0.659978347132092,64.23148688358702,0.9243057913338872,2.4522884690395608
35,6,600,50.0,0.0,1.0,91332363.05335496,32586400.00000032,23813010.242404476,0.9128664551039034,0.7356085187700994,72.86739430209197,0.812896609762978,2.4013834247790578
35,6,700,50.0,0.0,1.0,98895515.15072976,33522133.333333664,26907731.747549187,0.8841444995906965,0.8038514659005654,78.01474113094277,0.7428085313314999,2.3858897040519524
35,6,800,50.0,0.0,1.0,100876338.79038648,34364183.33333378,27337749.482862163,0.7859899128743805,0.7962441262708256,87.59440492625062,0.6351374432348145,2.2721327442514747
35,6,900,50.0,0.0,1.0,105424220.4755593,34636616.66666715,29383666.394448124,0.7509442137276274,0.8479150895384931,94.55002101132912,0.5683199238926931,2.2466519955234876
35,8,200,50.0,0.0,1.0,64575607.43876974,35844050.00000049,8678190.079112422,0.9980294637588808,0.2440501624677333,34.17769375527409,0.5696282292545681,1.7648683592287546
35,8,300,50.0,0.0,1.0,70225369.87441483,33336600.00000025,13033725.528427096,0.9992899426671652,0.4000537722803848,47.32642926467832,0.788773821077972,2.1088168389022797
35,8,400,50.0,0.0,1.0,81438925.63099994,35128683.333333775,17364176.930696987,0.9984777950686632,0.5003859977385736,54.170458232959525,0.8968130215917934,2.297121819782652
35,8,500,50.0,0.0,1.0,82738960.42013273,31582283.33333357,20259068.677467898,0.9319522741080846,0.6470380892615493,66.98444624107155,0.8938345503914835,2.4114650218007228
35,8,600,50.0,0.0,1.0,91373718.2240449,32372816.666666955,23969327.96032711,0.9188588600782172,0.7440343263481284,72.69739689484666,0.814050092116004,2.409277553194507
35,8,700,50.0,0.0,1.0,93851310.3278681,32637733.333333593,25009645.64561587,0.8217764634247813,0.7716779564297098,82.85646835592567,0.6905646503830851,2.3079070155268533
35,8,800,50.0,0.0,1.0,98991363.9796392,32475483.33333367,27621628.150140464,0.7941517320870718,0.8545142491901482,89.22127969274024,0.6179721879434791,2.3015835872955974
35,8,900,50.0,0.0,1.0,105470318.9181388,35029683.33333378,29155629.97468864,0.7451163967479906,0.8350014479823237,94.41900666820575,0.5686806281210168,2.2366817865068755
35,10,200,50.0,0.0,1.0,66109268.9430656,36996300.00000056,8692256.943092812,0.9996472140716918,0.2372008412883453,33.4180014970393,0.5569666916173216,1.7467273646479982
35,10,300,50.0,0.0,1.0,71511819.14010575,34453283.3333336,12949811.8302121,0.9928563167253448,0.3800923100383496,46.32837692910442,0.7721396154850737,2.0762134635157534
35,10,400,50.0,0.0,1.0,81034831.42781928,35010800.00000036,17242098.5657156,0.991458024584943,0.4998986363774914,54.53422052243366,0.9089036753738944,2.3088225844758874
35,10,500,50.0,0.0,1.0,89786202.61512582,35742850.00000048,21046546.534142137,0.9681776204466136,0.5914667436667355,61.461487529547206,0.9446510969664066,2.417824491899795
35,10,600,50.0,0.0,1.0,93490478.17152146,33142633.33333362,24511728.829438824,0.9396516768448084,0.7440566696365878,71.03904538063318,0.8369749438559122,2.4322202795651826
35,10,700,50.0,0.0,1.0,99094494.6770073,35797666.66666722,25554453.55962508,0.8396779693942911,0.7158051293125426,78.27868501715474,0.7432154683844484,2.3158595718344825
35,10,800,50.0,0.0,1.0,92824667.36895493,32027050.000000328,24897839.63020335,0.7158398614330626,0.777732330233128,95.66645875111868,0.5593938982619859,2.1815797624484885
35,10,900,50.0,0.0,1.0,101106951.28631192,33874866.66666712,27762180.94337571,0.7095046908042244,0.8204207312498646,99.7940764093836,0.5298553029977253,2.1861918879976168
40,2,200,50.0,0.0,1.0,60116624.3117944,32406733.33333365,8693800.51006656,0.9998247309623156,0.272680471856294,36.857454558791645,0.6142909093131941,1.8324352867982296
40,2,300,50.0,0.0,1.0,70223511.84588376,33328166.666666996,13039088.748600516,0.999701138373866,0.3957490617103633,47.13860214472106,0.7856433690786844,2.102242618446975
40,2,400,50.0,0.0,1.0,77343552.33802584,32260983.3333336,17194179.976260677,0.9887026018699644,0.5366880788491561,57.06417041386853,0.9255911076928516,2.3549415707721764
40,2,500,50.0,0.0,1.0,88654241.1264851,33870283.33333377,21688539.65828043,0.9977104169205144,0.6472039592838316,62.12189785585203,0.9494978938817163,2.4672610613087818
40,2,600,50.0,0.0,1.0,97194250.35376395,34858816.66666721,25226355.51672111,0.9670467320730785,0.7273826425526916,68.28552689330168,0.8753536356367146,2.457259749678868
40,2,700,50.0,0.0,1.0,100638067.78602605,33567966.66666709,27729853.580294885,0.9111580919378752,0.8283360061177099,76.60850650466224,0.7599830786913511,2.422651883585519
40,2,800,50.0,0.0,1.0,98353731.38712774,31393266.666666932,28001118.490544938,0.8050624904791686,0.8932832365216539,90.03620306388207,0.6116733298074263,2.3262999190247493
40,2,900,50.0,0.0,1.0,101117777.36557268,32642866.666667063,28553616.479048908,0.7297310277110614,0.8752462292250108,99.25197734771427,0.5304649543419668,2.230661937721975
40,4,200,50.0,0.0,1.0,62715673.14512807,34396816.66666713,8693800.510066556,0.999824730962315,0.2570899661289375,35.34510613004007,0.5890851021673347,1.7947570750704849
40,4,300,50.0,0.0,1.0,69154456.10176907,32535433.33333361,13022619.246023018,0.9984384289320776,0.4028587945808273,47.76909796394793,0.7961516327324655,2.1184386683971272
40,4,400,50.0,0.0,1.0,76878760.80839008,31675416.666666884,17340572.624884944,0.997120496342936,0.55563047044438,57.40911751318896,0.9413459969433658,2.3858503732988696
40,4,500,50.0,0.0,1.0,86846055.91131015,33332933.33333373,21148565.95638939,0.9728706906997522,0.6396031834628259,63.717813582351255,0.9379469033039856,2.449629450074246
40,4,600,50.0,0.0,1.0,90451141.94936924,31442033.33333359,24113232.3488049,0.9243754028271756,0.7739447212222055,73.46081058183134,0.8045546930352527,2.4237104700130176
40,4,700,50.0,0.0,1.0,95424589.33222194,31849400.000000294,26280839.23810987,0.8635458267164633,0.8275981283758641,80.99131777205494,0.7081076030651716,2.370186105765863
40,4,800,50.0,0.0,1.0,102803692.15229452,33851400.00000042,28606115.38260592,0.8224568065247665,0.8493979098998141,86.55506827722003,0.6507832637636033,2.330301591683454
40,4,900,50.0,0.0,1.0,104615880.9291084,33950583.33333382,29427323.45653488,0.7520599362423845,0.8684423704578815,95.62949573218084,0.5605173292798165,2.255271225646122
40,6,200,50.0,0.0,1.0,63353274.60862589,34887416.66666712,8692276.77336471,0.9996494946388892,0.2536035632247343,34.998510627697996,0.5833085104616333,1.7861913610414206
40,6,300,50.0,0.0,1.0,70675917.40879947,33684200.000000365,13032952.11101251,0.9992306450977791,0.38827511575733,46.69624824124923,0.7782708040208206,2.0888908966266846
40,6,400,50.0,0.0,1.0,76612754.67549133,31987633.333333544,17011748.27175396,0.9782123836008528,0.5351325309934215,57.686815667219925,0.9264425235231684,2.3545485483179056
40,6,500,50.0,0.0,1.0,83303880.02893929,31367233.33333356,20672737.90252399,0.9509817754715076,0.6684912475051966,66.55758863235148,0.8934648171386274,2.4282578151427847
40,6,600,50.0,0.0,1.0,94661556.80721962,34473816.66666721,24235685.167016745,0.9290696043976884,0.7072870968242256,70.17936628836418,0.8486474418847942,2.4144771193441747
40,6,700,50.0,0.0,1.0,93349147.3795411,31830516.666666973,25279970.36580754,0.8306588960543035,0.7964104568384246,83.16926959473756,0.6858917867302713,2.323020152201011
40,6,800,50.0,0.0,1.0,103067574.72965744,34397550.000000514,28386794.092885364,0.8161510818524768,0.8276107216965665,86.0047395608112,0.6539531719884566,2.3160417493457097
40,6,900,50.0,0.0,1.0,106414156.88623042,34459700.00000046,29980456.492384292,0.7661960909045267,0.8706745250402396,94.07548206497296,0.5755111492055731,2.2720507692377647
40,8,200,50.0,0.0,1.0,57640383.612850405,30596316.666666925,8639219.479184609,0.9935476758983072,0.2880267792378147,38.52077902817947,0.6420129838029912,1.8724344071932433
40,8,300,50.0,0.0,1.0,70633529.56819005,33674116.66666703,13018691.98057032,0.9981373272355208,0.3909776374370015,46.87249999091855,0.7812083331819758,2.093990443131577
40,8,400,50.0,0.0,1.0,83154373.85983679,36600666.6666672,17264065.329348292,0.9927211610874276,0.4793834329489927,53.173958579896734,0.8734092231151138,2.256915969474308
40,8,500,50.0,0.0,1.0,86520366.11737671,32987533.33333365,21209767.813913506,0.9756860822267416,0.6469441630377037,63.73828209281951,0.9377282345222892,2.455283564952452
40,8,600,50.0,0.0,1.0,94005166.76067568,34128600.0000004,24135374.24467572,0.9252242074842568,0.7153827014962488,70.87076162260128,0.8407871111162596,2.413093272313259
40,8,700,50.0,0.0,1.0,93396327.88880797,32237516.666666888,25043581.156079546,0.8228915293544837,0.7806996568497648,83.67789964803167,0.6845039087802626,2.3090636342600748
40,8,800,50.0,0.0,1.0,102490533.38184763,34844516.666667186,27820283.690505464,0.7998632940779877,0.8014286128847136,87.0281396293299,0.6472860168948679,2.288428907202639
40,8,900,50.0,0.0,1.0,106166183.992736,34697116.66666708,29708109.46448731,0.7592358490483984,0.8582925586464614,94.64898813836784,0.5728629179080161,2.259496964825185
40,10,200,50.0,0.0,1.0,63661992.296265066,35155816.666667074,8671870.373969618,0.9973026702826732,0.251997209542238,34.900708462023566,0.5816784743670594,1.78327624200085
40,10,300,50.0,0.0,1.0,71805003.27727081,34632766.666667,12979393.205109518,0.9951243075895672,0.3783385290858536,46.08751498270708,0.7681252497117846,2.0707960729804675
40,10,400,50.0,0.0,1.0,78194165.42401949,32894766.666666955,17205352.28112171,0.9893450336056002,0.5304655274254133,56.48203093655195,0.9243700245066409,2.3487424464469715
40,10,500,50.0,0.0,1.0,86013288.47926797,34197166.66666708,20191291.107499413,0.9288343884110042,0.5973577503026795,64.99377069434594,0.8906735574542284,2.3685597576963717
40,10,600,50.0,0.0,1.0,95690741.355985,35415233.33333385,24137927.422799505,0.925322083000178,0.6848344607894995,69.16179237151592,0.8608108356370099,2.40867840426861
40,10,700,50.0,0.0,1.0,97142484.57459626,34390950.00000043,25499302.36274332,0.8378657903586765,0.7438533213530688,79.88133645224204,0.7239339064322459,2.319016563514701
40,10,800,50.0,0.0,1.0,98932607.6606898,33780083.333333716,26762316.00489094,0.7694455770101888,0.7930435822045846,89.91844195357199,0.6158745016100485,2.250309367373716
40,10,900,50.0,0.0,1.0,104328187.8730902,34595916.66666714,28875591.69013589,0.7379595931488716,0.835152652936402,95.4529743933882,0.5592015379463002,2.2273236602954216
45,2,200,50.0,0.0,1.0,60968241.44089856,33081950.000000365,8679948.629037084,0.9982317046204316,0.2644971169652831,36.18843021263958,0.6031405035439931,1.81473819711622
45,2,300,50.0,0.0,1.0,67742197.46233079,31455600.00000019,13022539.708311368,0.9984323308110806,0.4166388720250359,48.764588762529414,0.8127431460421569,2.146054243662186
45,2,400,50.0,0.0,1.0,78728006.72854243,33087083.33333366,17344204.92689496,0.9973293615783264,0.5281362920460823,55.94668965727986,0.9324448276213312,2.354953861258197
45,2,500,50.0,0.0,1.0,86110282.07926567,32313416.666666996,21440195.174522977,0.9862861402133932,0.6693690158796153,64.03451654240905,0.93465547892831,2.470150691632002
45,2,600,50.0,0.0,1.0,93972377.18742396,32424700.000000305,25206305.02070393,0.9662781007645644,0.7796265847368794,70.22957784845842,0.8441169760284568,2.4678182438179603
45,2,700,50.0,0.0,1.0,96526369.58945628,32513800.00000035,26395972.07879683,0.8673289054527414,0.8162622427700053,80.62585793897594,0.716915236745847,2.369925030961851
45,2,800,50.0,0.0,1.0,102283900.36788566,33035933.333333753,28873094.89241128,0.830132756653094,0.8775202182892506,86.74296625340563,0.6469546070854306,2.3489707817168313
45,2,900,50.0,0.0,1.0,104778833.9634666,33114216.666667093,30040833.087749403,0.767739106480778,0.90766859241776,94.99429266792758,0.5631523260914281,2.289287200025636
45,4,200,50.0,0.0,1.0,61829851.94512822,33719950.00000044,8693800.510066558,0.9998247309623152,0.2593355715470063,35.65195451767234,0.5941992419612055,1.8016676991988103
45,4,300,50.0,0.0,1.0,68734082.37680715,32234950.00000026,13009876.85544462,0.9974614755105286,0.4066469255002684,48.09303708152838,0.801550618025473,2.1268681584256877
45,4,400,50.0,0.0,1.0,76628686.83764392,31590533.333333604,17273523.8185991,0.9932650447122906,0.5522978064409108,57.54456776781924,0.942262670109239,2.3841009152619677
45,4,500,50.0,0.0,1.0,86676193.404684,33156750.00000035,21178856.956897296,0.9742641292263589,0.6449058251042078,63.70100311956746,0.9324009677863458,2.448325627869712
45,4,600,50.0,0.0,1.0,96620468.19518767,34403966.6666671,25237134.079316262,0.9674599258745844,0.7369617907364672,68.38932594719066,0.8710420615164466,2.46061149410562
45,4,700,50.0,0.0,1.0,92992342.57237458,31324883.333333604,25429011.68327955,0.8355561524373739,0.816283066197677,83.15096279742936,0.6836256295144559,2.3366520824725976
45,4,800,50.0,0.0,1.0,103542608.65410188,34728466.66666721,28408604.776687738,0.8167781626395147,0.8185191564222188,85.4896371508692,0.6589483919946856,2.3137637171324608
45,4,900,50.0,0.0,1.0,104286269.3525643,33468050.000000365,29574912.665965356,0.7558318026031934,0.8838594773372087,96.54294654925192,0.5574607765207508,2.2645483583905177
45,6,200,50.0,0.0,1.0,65984180.476294935,36920216.66666731,8681492.196010832,0.9984092215110556,0.2375443914638887,33.4978280349771,0.558297133916285,1.748332647087396
45,6,300,50.0,0.0,1.0,68418889.17674905,32082233.333333623,12953388.210548848,0.993130516216033,0.4111936033159667,48.55882838091173,0.8093138063485288,2.138268689001302
45,6,400,50.0,0.0,1.0,83083945.6801887,36360866.66666722,17383432.80308437,0.9995850494510744,0.4821307217188607,53.03050436617881,0.8838417394363136,2.269546316811402
45,6,500,50.0,0.0,1.0,91331146.41756052,36305500.00000054,21443710.794318374,0.9864478648175884,0.5971078089037123,60.356708975681066,0.95196906821244,2.4296553153354097
45,6,600,50.0,0.0,1.0,94378512.06998956,33722700.00000032,24577191.737427056,0.9421611828731392,0.7310431310294602,70.13812919758298,0.8471829660518913,2.4320174708754596
45,6,700,50.0,0.0,1.0,98137889.42847972,34430183.333333865,25960990.724814128,0.853036122428273,0.7571370686174927,79.0811656474228,0.7338793850014731,2.3395890398954675
45,6,800,50.0,0.0,1.0,104449145.92654637,35409916.66666722,28416688.511409283,0.8170105787699452,0.8052174197490032,85.18377134427968,0.6655790381529249,2.309752973952128
45,6,900,50.0,0.0,1.0,100052864.6211714,32003400.00000034,28442373.94883851,0.726888055930055,0.8933582008512355,100.22270924122104,0.5216499804637792,2.236336541144768
45,8,200,50.0,0.0,1.0,60714563.9853829,32926666.66666696,8655118.261939969,0.9953761048083788,0.2651793325434661,36.375591930973926,0.606259865516232,1.8184033315510049
45,8,300,50.0,0.0,1.0,69562335.51872934,32853333.33333357,13019952.262271892,0.9982339524733748,0.4040212470705704,47.71134883336956,0.7951891472228261,2.1184061448792826
45,8,400,50.0,0.0,1.0,81878105.11284432,35495900.00000043,17346246.809586488,0.9974467742570708,0.4945088598949385,53.8855755889124,0.8980929264818733,2.293700014397824
45,8,500,50.0,0.0,1.0,91218398.13851967,36652916.66666724,21167246.93599353,0.9737300481411932,0.5821195046695381,60.60014685007376,0.9343153818921492,2.4000109856277794
45,8,600,50.0,0.0,1.0,90942938.5113968,32317450.000000257,23796168.282769933,0.9122208223245072,0.7409016822182977,73.06592411003007,0.809275521516384,2.4019968672910226
45,8,700,50.0,0.0,1.0,92589667.84867369,31701450.00000031,24992471.522045963,0.821212149530467,0.7899616508207572,83.91270316818229,0.6785605542784582,2.310529874935064
45,8,800,50.0,0.0,1.0,104521017.46729736,35653016.66666723,28296816.837788463,0.8135641382952311,0.7978112458883224,85.35490583891269,0.665292431989526,2.3035414287001843
45,8,900,50.0,0.0,1.0,101735042.13641857,34109900.000000514,27920699.236904062,0.713555866504939,0.8220722949926292,97.8674886825784,0.5371839110726098,2.194841747066713
45,10,200,50.0,0.0,1.0,61755829.701715864,33679616.666667,8683382.301145881,0.998626591791861,0.2615653117532697,35.84109525122199,0.5973515875203664,1.8066038369229824
45,10,300,50.0,0.0,1.0,72586129.88300952,35142433.33333369,13036657.8573328,0.9995147630209212,0.3807094845883852,45.86688535428648,0.764448089238108,2.0690156769088164
45,10,400,50.0,0.0,1.0,76772375.7348791,32400500.00000021,16827390.30496744,0.9676114010771762,0.5224162251194001,57.595003262848536,0.9219483427727772,2.3398813228682975
45,10,500,50.0,0.0,1.0,87800571.44871184,34531016.66666711,20851666.02344724,0.9592127791692132,0.6062812493844244,63.342739239609315,0.9306673281929042,2.4156923277004436
45,10,600,50.0,0.0,1.0,94271466.47355074,34536516.66666709,24006235.093646783,0.9202736868312656,0.6992829436427914,70.16354980110654,0.8463271364966968,2.40575349141093
45,10,700,50.0,0.0,1.0,100868977.95408484,35110350.00000055,26860351.80775143,0.8825876714806146,0.7692053771699225,76.91226992801967,0.759979382701811,2.375343684437749
45,10,800,50.0,0.0,1.0,99823058.24867696,34239700.0000004,26904836.529368114,0.7735431964827372,0.7869080213990615,89.16483628733988,0.6232287410439065,2.2527551581631555
45,10,900,50.0,0.0,1.0,107209019.25567976,35515883.33333386,29696083.759074945,0.7589285138855842,0.8376129917699794,92.60481386659772,0.5838617040117049,2.253952097427688
50,2,200,50.0,0.0,1.0,60085415.398005165,32401050.000000328,8683981.176836025,0.9986954650912984,0.2717485457030344,36.82587785333088,0.6137646308888479,1.8311634674512756
50,2,300,50.0,0.0,1.0,68392628.07387945,31924750.000000227,13041843.780972118,0.9999123654811622,0.4152063453255801,48.47522010783842,0.8079203351306402,2.1400854113911043
50,2,400,50.0,0.0,1.0,79979606.3278757,34099633.3333337,17310550.770070393,0.9953941746451822,0.5129457164829352,55.14014873044484,0.9181817861561128,2.328538359342461
50,2,500,50.0,0.0,1.0,87418094.32744241,33609583.33333372,21253202.453606997,0.9776841509376906,0.6391740013759094,63.281236353403905,0.934013113882242,2.4453523149829692
50,2,600,50.0,0.0,1.0,92454517.55204712,32101483.333333623,24672432.236235045,0.945812206227354,0.7712734988603969,71.76275683870374,0.8260811168478449,2.443099915936162
50,2,700,50.0,0.0,1.0,101383635.7769718,33628100.000000395,28057184.241241347,0.9219136474837104,0.8390374416963207,76.46322983006216,0.7653505884912837,2.4365805418483406
50,2,800,50.0,0.0,1.0,99532660.8677915,32105883.33333364,28124065.674861018,0.8085973552181013,0.8779034693757535,89.18819147397019,0.6218304835742555,2.3241532590748584
50,2,900,50.0,0.0,1.0,108361977.68976691,34262433.333333835,31058600.824678093,0.7937497064755312,0.9059815438567034,91.84563282177687,0.5930854398347939,2.3178706749201567
50,4,200,50.0,0.0,1.0,63628361.86122636,35111083.333333805,8685759.083076905,0.99889993201309,0.2488510594386031,34.650983724784496,0.5775163954130749,1.7765972429639576
50,4,300,50.0,0.0,1.0,70035574.50402696,33266750.00000036,12988302.75127324,0.995807398533574,0.3975030769979507,47.422820130779705,0.7903803355129951,2.108382797111356
50,4,400,50.0,0.0,1.0,77412514.64414713,32304250.00000024,17202048.54928234,0.9891550618669088,0.542070091201267,57.16286968034926,0.9223604496675204,2.356016522628534
50,4,500,50.0,0.0,1.0,86057621.07663465,32996333.33333368,20980108.87097764,0.9651213727849705,0.6421490761046408,64.08128580989697,0.9248880648765712,2.438607325760284
50,4,600,50.0,0.0,1.0,95158467.03373356,34516533.333333746,24452761.265852477,0.9373911684005076,0.7121059147090879,69.8853726136517,0.8535763378787797,2.42326106964605
50,4,700,50.0,0.0,1.0,97457742.55238046,33304700.000000454,26347309.753885698,0.8657299402441115,0.7936543910988118,79.30951791742514,0.728276328977975,2.3631998418570244
50,4,800,50.0,0.0,1.0,105352352.1044226,34679700.0000005,29323815.147756994,0.8430914522637908,0.8496825101315469,83.93395158252197,0.675312001373837,2.3550580094790745
50,4,900,50.0,0.0,1.0,103536520.75013717,33259600.00000037,29342760.606866337,0.7498988042106476,0.8814775513285804,96.75226006488847,0.5518843782913307,2.257066419354195
50,6,200,50.0,0.0,1.0,62379184.05909848,34144366.66666709,8692276.48890362,0.9996494619246312,0.2565042274204237,35.36810988062072,0.5894684980103453,1.7946718799466843
50,6,300,50.0,0.0,1.0,71262327.34622376,34128966.66666705,13037447.639282018,0.9995753152519032,0.3947895309847099,46.77566870397301,0.7772919118630685,2.0931235366508365
50,6,400,50.0,0.0,1.0,77318049.55835272,32016050.00000019,17339639.62502941,0.997066846829788,0.5499499916468934,57.10735326583115,0.9329454769603284,2.372905470277843
50,6,500,50.0,0.0,1.0,92513168.24091265,36828733.33333393,21687982.352811236,0.9976847799029566,0.5910033474433112,59.433327020799865,0.9724336583019418,2.445236336256591
50,6,600,50.0,0.0,1.0,91190953.90074947,33166466.666667055,23376955.47458,0.8961503924943031,0.7145295127781878,73.00378811430701,0.8095838879680393,2.3812074981905895
50,6,700,50.0,0.0,1.0,93709884.99645254,32476950.000000343,25045788.98476541,0.8229640750304611,0.7789330326017396,83.73292157079875,0.6863920852451123,2.309538511326504
50,6,800,50.0,0.0,1.0,99949451.83292256,33202766.666667007,27628341.581057977,0.7943447504986734,0.8321251319103713,88.51748330094297,0.6264910660109622,2.292191171539259
50,6,900,50.0,0.0,1.0,106422690.0340005,34146016.66666716,30186347.291686445,0.7714579429253121,0.8838052223175412,94.7254187669885,0.5745622083376253,2.2816063861916582
50,8,200,50.0,0.0,1.0,62237738.92868762,34072866.66666705,8668818.152929595,0.996951651637071,0.2552310260336967,35.37241855632924,0.5895403092721541,1.7937251300991115
50,8,300,50.0,0.0,1.0,70205295.28864662,33318083.333333634,13038414.733355485,0.9996494619246348,0.3971738653861038,47.21129907238477,0.7868549845397462,2.1045940768486293
50,8,400,50.0,0.0,1.0,79458520.15862927,33916850.00000033,17172741.52853162,0.987469844676598,0.5087594894166877,55.3962435742366,0.9232707262372768,2.3302783177706266
50,8,500,50.0,0.0,1.0,90165799.18129148,35861833.333333835,21158652.113855258,0.9733346714254694,0.5957200502776425,61.14202406902223,0.949714395661065,2.426290435883179
50,8,600,50.0,0.0,1.0,92045427.15249422,33087633.33333369,23844222.2315728,0.9140629597716792,0.7216710983320201,72.22781921342138,0.8209856016438437,2.3983224803094596
50,8,700,50.0,0.0,1.0,96159808.42865369,33185166.666667014,25790050.802986268,0.8474193133615507,0.7804701601090699,80.65916419783136,0.7146258461451174,2.3390019742323735
50,8,800,50.0,0.0,1.0,100204616.20128056,34034550.0000004,27222707.288732138,0.7826823251668472,0.8010618212292451,88.36695228466165,0.6283605669878457,2.2692100239712416
50,8,900,50.0,0.0,1.0,100956493.70425284,33076083.33333368,28200567.2055888,0.7207083174234267,0.8532153719119704,98.79587568120186,0.5303644605657728,2.212936758095349
50,10,200,50.0,0.0,1.0,62013785.11679447,33871200.00000037,8688058.199183252,0.9991643403279368,0.2613507818814137,35.777346749121136,0.5962891124853522,1.8053697379904832
50,10,300,50.0,0.0,1.0,72171106.08939156,34851666.666667044,13020333.214278605,0.9982631598943932,0.3793226882058837,45.939093317236754,0.7656515552872791,2.0691097058519863
50,10,400,50.0,0.0,1.0,78678840.14156672,33323583.33333353,17170362.929021932,0.9873330700512724,0.5259284574317531,56.32302341753408,0.8990484905886065,2.319791256534009
50,10,500,50.0,0.0,1.0,86909556.94452201,33754416.66666707,20912699.907851186,0.9620204436415276,0.6221195513193832,63.38804202233894,0.9430650539634132,2.44076069501892
50,10,600,50.0,0.0,1.0,97212336.08079349,35238683.33333377,24994850.649483465,0.9581720444404244,0.7137064464521525,68.07566767710982,0.8764435505596098,2.447408707721332
50,10,700,50.0,0.0,1.0,97559512.31857088,33435600.000000294,26313544.193217643,0.8646204585895318,0.7857105775331168,79.41685708550466,0.7284471949533213,2.357015656979814
50,10,800,50.0,0.0,1.0,99888890.53624465,34405616.66666709,26832107.61489,0.7714521614035719,0.7840950122216311,89.0821274294925,0.6246303885534202,2.2519063983307253
50,10,900,50.0,0.0,1.0,104347433.16958426,33858916.66666706,29356525.786358975,0.7502505942749697,0.8656246480185464,96.5688689660069,0.5573429110286081,2.249842629443445
