int(self),self.nb_electrical,self.nb_activeCS_Cparking,self.nb_solar,self.nb_wind,self.avg_statisfied_day,self.monthly_profit,self.monthly_energy_consumption,self.monthly_renew_charge,self.self_consumption,self.self_sufficiency,self.payback_period
0,10,6,30,4,1.0,9309535.53463098,5086442.730952739,1304298.6796844266,1.0,0.2564264946398245,68.2311161106899
1,10,6,30,4,0.8522900763358774,5226797.138887853,1962096.3632490686,1303155.6638122203,0.999123654811578,0.6641649657075469,121.52757857657289
2,10,6,30,4,0.8816793893129771,7568589.14008877,3758232.394781317,1301222.2055495621,0.9976412809559778,0.34623250210828893,83.9258134168649
3,10,6,30,4,0.6806615776081425,5605592.598054372,2541170.91364958,1118931.211075983,0.8578795857914285,0.4403211153825919,113.31540580035546
4,10,6,30,4,0.9533898305084745,4767439.969466294,1639334.061433382,1284693.1927286307,0.9849685602989804,0.7836677239569678,133.23712601904234
5,10,6,30,4,1.0,2868578.37982659,856764.5444093164,856764.5444093164,0.6568775678103188,1.0,221.43372635974438
6,10,6,30,4,1.0,4370055.403674585,1304298.6796844266,1304298.6796844266,1.0,1.0000000000000002,145.35284826501024
7,10,6,30,4,0.981153846153846,5551325.428185513,2244455.674082985,1281568.0744264526,0.9825725459881063,0.5709928198738259,114.42312439024481
8,10,6,30,4,0.8192307692307692,4447112.048552137,2325953.334742527,690719.2093924176,0.5295713475379245,0.29696176577372185,142.83426931120488
9,10,6,30,4,0.860351089588377,5394227.551020788,2180390.1167049557,1245731.9303420114,0.9550971336131494,0.5713344235042597,117.75550697333793
10,10,6,60,4,0.8683333333333327,6225973.689511618,1937029.093600559,1806774.2117793802,0.6926228784562317,0.9327553301850204,154.9315895158667
11,10,6,60,4,0.9888888888888886,15209652.438053345,7561399.076889383,2606311.3276244393,0.9991236548115776,0.34468638688709796,63.42025262764369
12,10,6,60,4,0.6052162849872775,5164946.417629094,2166705.1660241755,1142555.4599649503,0.4379960962014429,0.5273239192305512,186.75895585433545
13,10,6,60,4,1.0,7725261.292754161,2986238.749522179,1869741.411686116,0.7167612145933082,0.6261191982674824,124.86309050863274
14,10,6,60,4,0.661864406779661,8740398.107745718,2890211.408170607,2426378.074837268,0.9301466422646103,0.8395157765891847,110.36110576532823
15,10,6,60,4,0.5511450381679386,8745977.474015843,2608597.3593688556,2608597.3593688523,0.9999999999999997,0.9999999999999989,110.29070253905992
16,10,6,60,4,0.9536163522012575,9856190.423644137,3520202.4398995955,2569386.38545726,0.9849685602989798,0.7298973366800305,97.8674273262831
17,10,6,60,4,0.7203017084696467,10182152.382887276,3905681.793953834,2482771.4136897144,0.9517649033771994,0.635681948676196,94.73439050285316
18,10,6,60,4,0.8829516539440198,9203108.66423464,2962207.825879651,2606311.3276244393,0.9991236548115777,0.8798543116570408,104.81241015317504
19,10,6,60,4,0.7831684981684981,8825621.699781371,2731099.2822711375,2569386.38545726,0.9849685602989797,0.9407883492688703,109.29541655109635
20,10,6,90,4,1.0,14001841.392106915,4586664.682047014,3912896.0390532785,0.9999999999999996,0.8531027032276896,92.41641608149129
21,10,6,90,4,0.8814393939393946,15216411.29357015,5516656.949629929,3912896.0390532804,1.0,0.7092875404035712,85.03976233520929
22,10,6,90,4,1.0,12678338.986470258,4398501.672121025,3386902.1324289287,0.8655742699589803,0.7700126963452336,102.06384301452245
23,10,6,90,4,1.0,13123144.099179769,4102097.2739895955,3792909.578338717,0.9693356379732506,0.9246269225229341,98.60441904930987
24,10,6,90,4,0.8823155216284991,15653190.779350905,5887637.220515836,3889606.264530938,0.9940479444662228,0.660639594263275,82.66685164963272
25,10,6,90,4,0.6912271062271068,10264062.49199567,3968016.1426713374,2483016.142671343,0.6345724797922576,0.6257575708852164,126.07093935847656
26,10,6,90,4,0.7331932773109252,9354525.105420895,2789982.6444374253,2789982.6444374193,0.7130224305965592,0.9999999999999978,138.328775156115
27,10,6,90,4,0.6366666666666673,12511079.166666672,3730833.333333334,3730833.333333333,0.9534711109360327,0.9999999999999997,103.42832802526024
28,10,6,90,4,0.916410256410256,11026136.814101536,3508594.18722795,3147769.3861632487,0.8044602654265375,0.8971597221536244,117.35751349875133
29,10,6,90,4,1.0,14584633.6239813,5032906.819776258,3912896.0390532804,1.0,0.7774624445018498,88.72351773528919
30,10,6,120,4,0.6511450381679381,13187670.833333328,3932499.999999998,3932499.9999999995,0.7537575674291609,1.0000000000000002,123.09982714283959
31,10,6,120,4,0.7584745762711866,12683302.499999987,3782166.666666663,3782166.6666666684,0.7249425928234778,1.0000000000000016,127.99505491570525
32,10,6,120,4,0.6020808323329331,9266046.18725964,2839721.249717094,2715098.5367475757,0.5204134948224608,0.9561144556065375,175.1987813563994
33,10,6,120,4,1.0,16851284.826977108,5203388.367239182,4910456.947793783,0.941206378622928,0.9437037178908821,96.33686788090543
34,10,6,120,4,0.6575124197261599,18484232.581047665,5972486.423446253,5217194.718737713,1.000000000000001,0.8735381462327844,87.82620500374529
35,10,6,120,4,0.6788797313797311,17889783.484621447,5921666.666666664,4959469.733831845,0.9506008499203153,0.8375124796788933,90.74453032902939
36,10,6,120,4,0.7324427480916035,16465836.424121408,4909598.536747563,4909598.536747577,0.9410418436395732,1.0000000000000027,98.59201550319192
37,10,6,120,4,0.9364145658263305,15227840.700067032,4540598.320934039,4540598.320934046,0.8703141373325314,1.0000000000000018,106.607366860152
38,10,6,120,4,0.8519083969465623,12172783.333333328,3629999.999999998,3630000.0000000005,0.6957762160884564,1.0000000000000007,133.363090062941
39,10,6,120,4,0.8396703296703301,14206843.214746173,4649787.79323554,3972712.0661040754,0.761465170513181,0.8543856715103284,114.26887560179247
40,10,6,150,4,0.904358974358972,16442658.169312395,5651722.00316937,4425268.862781789,0.6785667932827284,0.7829947864208799,118.76425209912777
41,10,6,150,4,0.8876190476190476,17576952.691186134,6165746.948072255,4651221.983245714,0.7132142438986554,0.7543647221363726,111.1000316328564
42,10,6,150,4,0.9661016949152538,13145073.757271117,3937385.83705543,3908596.642627339,0.5993407343742798,0.9926882465626938,148.55755365540043
43,10,6,150,4,0.6911218724778038,11389176.262720983,3403673.055096451,3391823.2891321043,0.5200991677692647,0.9965185357781049,171.46103940738004
44,10,6,150,4,1.0,15448741.628196303,4606799.368795595,4606211.966430432,0.7063124479348395,0.9998724923057988,126.40511745214529
45,10,6,150,4,0.9416030534351143,18329767.499999933,5465166.6666666465,5465166.66666667,0.8380237980443191,1.0000000000000042,106.53708509941586
46,10,6,150,4,0.9248351648351633,22426135.687580846,6953424.638967333,6515778.319061096,0.9991236548115775,0.9370603202551954,87.07697247553097
47,10,6,150,4,1.0,21717111.527214844,6780956.1221254505,6279672.766415647,0.9629194392706134,0.926074826811786,89.9198771232926
48,10,6,150,4,1.0,12697161.876871694,4120435.7764982325,3573323.2891321066,0.5479302164128033,0.8672197512489586,153.79814945551658
49,10,6,150,4,0.8184343434343425,15869434.166666653,4731833.333333329,4731833.333333337,0.7255751166562858,1.0000000000000016,123.05416686511781
50,10,6,180,4,0.8342307692307679,14793038.333333325,4410999.999999997,4411000.000000003,0.5636490154575174,1.0000000000000013,154.27527114950362
51,10,6,180,4,0.7137912087912074,18886521.729442038,6588592.25398481,5020833.046561521,0.6415750631310286,0.762049441369649,120.83749632110914
52,10,6,180,4,0.8257846320346318,26535701.026965182,8804663.39923752,7341472.569169148,0.9381123975562365,0.8338163807380663,86.00488819499671
53,10,6,180,4,0.8298022598870056,10210667.500000015,3045166.6666666707,3045166.666666667,0.38911929121984046,0.9999999999999988,223.5113424269272
54,10,6,180,4,0.9380769230769233,13593625.833333313,4053499.9999999935,4053500.000000003,0.517966738643629,1.0000000000000022,167.88751051273994
55,10,6,180,4,0.8357692307692298,15482109.736544132,4616386.409302771,4616386.40930279,0.5898938232997007,1.000000000000004,147.40885052720375
56,10,6,180,4,0.8043772893772901,22727613.333333347,6776000.000000004,6775999.999999993,0.8658548466878557,0.9999999999999983,100.4152951094439
57,10,6,180,4,0.8829131652661049,15967641.805381065,4944499.999999985,4644212.529061875,0.5934495170213538,0.9392683848845969,142.9265528257844
58,10,6,180,4,0.6747899159663855,13796603.33333332,4113999.9999999963,4114000.0000000005,0.525697585489056,1.000000000000001,165.4175266810842
59,10,6,180,4,1.0,17476351.490909625,5210795.277966107,5210795.277966115,0.6658489295344093,1.0000000000000013,130.5878976619973
60,10,6,210,4,0.9039743589743588,11631510.0,3468666.6666666665,3468666.6666666665,0.37991590211814114,1.0,224.52802774532285
61,10,6,210,4,0.7957106506724823,17173860.080640744,5524508.276428602,4863210.8044371335,0.5326574437704472,0.8802974963739264,152.06831706658247
62,10,6,210,4,0.9534351145038166,15538582.799785148,4766506.676531017,4548263.419669265,0.4981619066369182,0.9542131645516573,168.07195570217064
63,10,6,210,4,1.0,22903288.146758277,6838068.183044647,6822175.581439051,0.7472188133088904,0.9976758638287634,114.02729526282648
64,10,6,210,4,0.8581719128329303,17179561.66666661,5122333.333333316,5122333.333333343,0.5610385996395816,1.0000000000000053,152.01784834052376
65,10,6,210,4,1.0,19344654.999999948,5767666.66666665,5767666.666666673,0.6317206279406307,1.0000000000000038,135.00369998844678
66,10,6,210,4,1.0,26976846.28068316,8046500.000000023,8040011.68733515,0.8806058888817024,0.9991936478388277,96.80894396725843
67,10,6,210,4,0.8994949494949481,11969805.833333328,3569499.9999999986,3569500.0,0.39095996904018016,1.0000000000000004,218.18231944308212
68,10,6,210,4,0.6187179487179479,11969805.833333328,3569499.9999999986,3569500.0,0.39095996904018016,1.0000000000000004,218.18231944308212
69,10,6,210,4,0.7451282051282048,4914799.999999999,1466666.6666666665,1466666.6666666665,0.16064097341147615,1.0,531.3746235859039
70,10,9,30,4,0.8512722646310423,4850675.724125867,1703909.6775586288,1284693.1927286305,0.9849685602989801,0.7539678949234833,130.95082749825923
71,10,9,30,4,1.0,3834142.2711625975,1144890.8905601383,1144890.8905601383,0.8777827566590369,1.0000000000000002,165.66938706929966
72,10,9,30,4,0.9342307692307692,4582854.582582985,1469873.885220838,1303155.6638122196,0.9991236548115776,0.8865765130703236,138.60356870454945
73,10,9,30,4,0.7429670329670301,6289233.186222291,2796969.040178191,1290072.3701396976,0.9890927517091628,0.46123941724342754,100.99800423865999
74,10,9,30,4,0.8681959706959703,9461862.11761826,5203920.972137484,1304298.6796844269,1.0000000000000002,0.25063768006236514,67.13266290545909
75,10,9,30,4,1.0,4203508.932929819,1298635.645317183,1227163.2244081234,0.9408605893130505,0.9449634536316744,151.11184730069542
76,10,9,30,4,0.8915384615384612,4368955.403674586,1304298.6796844266,1304298.6796844269,1.0000000000000002,1.0000000000000002,145.38944468642413
77,10,9,30,4,0.8725274725274714,4994098.03482284,1813727.679623692,1284693.1927286305,0.9849685602989801,0.7083164728429218,127.19013434876094
78,10,9,30,4,0.832967032967032,7354418.264170319,3810604.503149643,1163853.318557128,0.8923211659147894,0.3054248525647699,86.36984968540669
79,10,9,30,4,1.0,5109790.565705527,1881801.0876104597,1297767.2093474541,0.9949923507255617,0.6896410135437743,124.31037864118325
80,10,9,60,4,0.7511450381679389,8544388.176164377,2548838.999353515,2548838.999353511,0.9770917655035113,0.9999999999999982,112.89281106058247
81,10,9,60,4,1.0,9752536.887771511,3383745.5161835346,2606311.3276244397,0.9991236548115778,0.7702444865192023,98.90759820754849
82,10,9,60,4,0.6916666666666655,14500237.579904765,7060097.759371346,2580144.7402793937,0.9890927517091623,0.36545453451470883,66.52304796280002
83,10,9,60,4,0.9465648854961839,10986110.913131684,4328289.180318433,2606311.32762444,0.9991236548115779,0.6021573926889731,87.8017714937699
84,10,9,60,4,0.9917948717948718,8956977.580543296,2832520.3242021683,2569386.38545726,0.9849685602989797,0.9071025416846656,107.69257724785898
85,10,9,60,4,1.0,8737207.837513335,2606311.327624442,2606311.3276244393,0.9991236548115777,0.999999999999999,110.40140259208155
86,10,9,60,4,1.0,10460736.85216479,3975047.7325914027,2575056.700862409,0.9871422631070363,0.6478052275321194,92.21147741618044
87,10,9,60,4,0.9177966101694909,10914729.364451813,4273632.5580520695,2606311.3276244393,0.9991236548115777,0.6098585435740881,88.37598879378596
88,10,9,60,4,0.9574615199615191,12082058.385210376,5167452.635202591,2606311.3276244393,0.9991236548115777,0.5043706273898452,79.83738939556565
89,10,9,60,4,0.871146085552864,12426280.563771715,5427435.866073237,2608597.3593688514,0.9999999999999991,0.4806316322731931,77.62580243136065
90,10,9,90,4,1.0,11765728.333333345,3509000.0000000033,3508999.9999999986,0.8967782340695656,0.9999999999999987,109.98044178310526
91,10,9,90,4,0.8205128205128204,13109295.089603323,3909466.9914366594,3909466.991436661,0.9991236548115782,1.0000000000000004,98.70858739202852
92,10,9,90,4,0.9327153762268264,12086721.80903275,4456016.258339702,3062045.506250743,0.7825522262001114,0.6871710803388432,107.05963291328152
93,10,9,90,4,0.5945451770451767,13365384.638344776,4259740.0978722535,3811191.1845730995,0.9740077800521405,0.894700403547342,96.81726602072968
94,10,9,90,4,0.8958974358974356,11045351.930491248,3294282.7413287377,3294282.741328734,0.8419039781403905,0.9999999999999988,117.15335175766089
95,10,9,90,4,1.0,14311217.737783255,4855137.341953399,3893301.628042363,0.9949923507255618,0.8018932017432788,90.41858098376154
96,10,9,90,4,0.8582051282051277,11338674.634045405,3654129.459951022,3208076.2450053827,0.8198725989616561,0.8779317427490327,114.12268556632245
97,10,9,90,4,1.0,12935332.751767196,4378198.866311237,3525803.6598493885,0.901072664507195,0.8053091619431128,100.03608139289781
98,10,9,90,4,1.0,15382052.096355252,5947590.849583356,3719602.300373886,0.9506008499203158,0.6253964663077747,84.12401621670563
99,10,9,90,4,0.761666666666667,14836014.015642677,5318508.136758392,3854079.5781858927,0.9849685602989805,0.7246542600073821,87.22019260939244
100,10,9,120,4,1.0,18854658.7409372,6380000.000000004,5138772.770914519,0.9849685602989796,0.8054502775728082,86.1007362851536
101,10,9,120,4,1.0,12135901.017289165,3856277.6235532877,3468310.9358688355,0.664784644401386,0.8993934758963312,133.7683949207608
102,10,9,120,4,0.8831334060341693,17501589.375883915,5220921.947823169,5217194.71873771,1.0000000000000007,0.999286097527849,92.75728993144718
103,10,9,120,4,0.8348600508905851,9962378.57757296,3195966.177369749,2828410.6474352004,0.542132467718117,0.8849939237351242,162.9530525626234
104,10,9,120,4,0.7366666666666675,7495070.067082707,2236076.522727086,2236076.5227270825,0.4285974826080668,0.9999999999999983,216.59570697407412
105,10,9,120,4,0.7937179487179484,13998480.833333317,4174499.9999999944,4174500.000000003,0.8001426485017253,1.000000000000002,115.96972695310939
106,10,9,120,4,1.0,18349826.488565058,6589268.982413365,4759008.230453832,0.9121776140272694,0.7222361453380542,88.46950138801823
107,10,9,120,4,1.0,16720892.99359648,5223014.52570623,4834847.579156099,0.926714036911753,0.9256814346121993,97.08811608457191
108,10,9,120,4,1.0,15342450.62625042,4967879.762511549,4324727.341667663,0.8289373072726764,0.8705378447970459,105.8109971833585
109,10,9,120,4,0.5792307692307684,13655906.852639668,4072391.510970591,4072391.510970601,0.7805711173371559,1.0000000000000024,118.87895967056916
110,10,9,150,4,1.0,7029586.666666673,2097333.3333333354,2097333.333333332,0.32160322876977526,0.9999999999999987,277.79727210134666
111,10,9,150,4,0.9293620501635768,21344661.14027987,6364121.551995987,6364121.551996004,0.975868740975157,1.0000000000000027,91.48892021128592
112,10,9,150,4,0.8114503816793884,18868448.98729987,5626055.336502694,5626055.336502717,0.8626943236443257,1.000000000000004,103.49552320460502
113,10,9,150,4,0.8418756815703389,15487651.967851728,4618366.20999058,4618366.209990598,0.7081761688370345,1.000000000000004,126.08754406758989
114,10,9,150,4,0.877564102564102,18622970.292186636,5552887.320075501,5552887.320075523,0.8514748050529405,1.0000000000000042,104.85974951156462
115,10,9,150,4,1.0,25956294.74899037,9657298.346018948,6515778.319061095,0.9991236548115774,0.6746999093951686,75.23415876127538
116,10,9,150,4,0.6207197382769899,17958801.36264236,6297499.999999989,4754140.082630094,0.7289956137623865,0.7549249833473765,108.73776932920404
117,10,9,150,4,1.0,18869940.83333326,5626499.999999979,5626500.000000002,0.8627625079496863,1.000000000000004,103.48734091155333
118,10,9,150,4,0.8137728937728919,11585222.24777053,3481500.0000000014,3438433.3403793024,0.5272463115904138,0.9876298550565276,168.55956305678976
119,10,9,150,4,1.0,21823773.23048174,6637869.936939973,6423465.963643151,0.9849685602989802,0.9676998833460629,89.4804019165889
120,10,9,180,4,0.8303846153846145,6217676.666666668,1855333.333333334,1855333.3333333319,0.2370793032597701,0.999999999999999,367.05028620015077
121,10,9,180,4,1.0,15609999.166666655,4654833.333333329,4654833.333333338,0.5948066709254519,1.0000000000000018,146.20116091187074
122,10,9,180,4,1.0,14644798.071722543,4584193.232377254,4228798.622208177,0.5403668510486838,0.9224739027886095,155.83690460073132
123,10,9,180,4,0.7827699018538704,20862810.833333276,6220499.999999983,6220499.999999997,0.7948716165616604,1.0000000000000022,109.39082073991898
124,10,9,180,4,1.0,17428480.70849174,5301541.99893252,5130128.611299456,0.6555411337405074,0.9676672583811318,130.94658324910878
125,10,9,180,4,0.4441025641025648,10141908.333333347,3025000.0000000047,3024999.999999998,0.38654234227136436,0.9999999999999979,225.02668383415647
126,10,9,180,4,1.0,19910397.24412514,5936629.238820639,5936615.971152813,0.7585961793900827,0.9999977651176631,114.62352920524462
127,10,9,180,4,0.8638461538461528,14690003.247977253,4492247.731806588,4309465.288874843,0.5506746468425867,0.9593115843461647,155.35735162715153
128,10,9,180,4,0.656923076923078,11021477.500000006,3287166.6666666684,3287166.666666667,0.4200426786015496,0.9999999999999996,207.068426170629
129,10,9,180,4,0.8657462985194079,18719538.77653882,5801798.622208148,5441364.784090631,0.6953116987753093,0.9378755000668504,121.91539691460129
130,10,9,210,4,0.7993040293040312,16637188.333333306,4960999.999999992,4961000.000000006,0.5433680925643187,1.0000000000000027,156.97363927578735
131,10,9,210,4,1.0,19072918.333333254,5686999.999999977,5687000.000000001,0.622885374402999,1.0000000000000044,136.92713167212452
132,10,9,210,4,1.0,23050464.52607736,6872557.732561558,6872557.732561555,0.7527370663535834,0.9999999999999997,113.29923512150721
133,10,9,210,4,0.9477472527472525,21373329.999999948,6372666.66666665,6372666.666666666,0.6979850294728639,1.0000000000000024,122.1896634731231
134,10,9,210,4,0.6521008403361341,13524866.666666651,4033333.333333328,4033333.3333333367,0.44176267688155985,1.0000000000000022,193.09617346813053
135,10,9,210,4,1.0,15185591.66666664,4528333.333333326,4528333.333333334,0.49597900540793277,1.000000000000002,171.97881105499707
136,10,9,210,4,0.737692307692307,16569529.166666614,4940833.333333317,4940833.3333333405,0.5411592791799111,1.0000000000000047,157.61461739382605
137,10,9,210,4,0.9178117048346038,13863162.499999993,4134166.6666666637,4134166.6666666684,0.45280674380359864,1.000000000000001,188.38414394983837
138,10,9,210,4,0.742820512820512,18316365.833333336,5461500.000000001,5461500.000000003,0.5981868247409847,1.0000000000000004,142.58286953666524
139,10,9,210,4,1.0,26786063.33333335,7986000.0000000065,7985999.999999985,0.8746901002254861,0.9999999999999972,97.4984628200311
140,10,12,30,4,1.0,4364020.585423333,1303155.6638122203,1303155.6638122203,0.999123654811578,1.0,145.55385052987378
141,10,12,30,4,1.0,6361280.204126049,2830657.638682487,1304298.6796844269,1.0000000000000002,0.4607758500570578,99.85411420613056
142,10,12,30,4,0.9167735042735028,4391734.952987082,1443601.9700164653,1227163.2244081234,0.9408605893130505,0.8500703448015708,144.63532221314094
143,10,12,30,4,1.0,6976017.304377004,3301359.859395303,1304298.6796844269,1.0000000000000002,0.3950792204529106,91.05482000474005
144,10,12,30,4,0.9272435897435899,8558264.667869415,4543640.874912058,1284693.1927286307,0.9849685602989804,0.2827453199090027,74.22065391185588
145,10,12,30,4,0.8721374045801535,5864831.780717938,2517741.6040305183,1261458.2296343301,0.9671544173758868,0.5010276779852741,108.3066017491541
146,10,12,30,4,0.9414758269720092,5263336.070341247,1989965.3463510924,1304298.6796844266,1.0,0.6554378859290485,120.6839144434144
147,10,12,30,4,0.9197435897435888,5691795.282543741,2583752.717866214,1134934.5532831303,0.8701492771254864,0.43925819426729557,111.59923512149236
148,10,12,30,4,1.0,5215085.32069404,1963267.2093474537,1297767.2093474541,0.9949923507255617,0.6610242371331629,121.80050007608804
149,10,12,30,4,1.0,7827343.277816254,3983976.717137808,1284693.1927286305,0.9849685602989803,0.3224650353006047,81.15141721204976
150,10,12,60,4,0.8972069597069602,14952674.264614757,7383224.278235467,2595534.418694907,0.9949923507255611,0.3515448428603362,64.51019950877343
151,10,12,60,4,1.0,8956734.78588031,3377465.4105952242,2222465.4105952247,0.8519771756316379,0.6580275859001471,107.69549652409347
152,10,12,60,4,1.0,9099474.033990433,2952277.742463624,2563136.1488529034,0.9825725459881055,0.8681893684955302,106.00612699116517
153,10,12,60,4,1.0,5713769.041839062,1705465.1888243603,1705465.188824359,0.6537862896698607,0.9999999999999992,168.82026433632834
154,10,12,60,4,0.91859668109668,10069326.075635755,3685084.256125949,2569386.38545726,0.9849685602989798,0.6972395220505492,95.79588472499609
155,10,12,60,4,1.0,11579159.651211051,4841158.969430169,2569386.38545726,0.9849685602989797,0.5307378670441989,83.30483636600637
156,10,12,60,4,1.0,8614007.501698725,3037940.7357273903,2271607.402394052,0.8708156489676369,0.7477457922990552,111.98039934487822
157,10,12,60,4,0.924936386768447,9857480.418900117,3461356.122679932,2608597.3593688514,0.9999999999999991,0.753634490908483,97.8546199443152
158,10,12,60,4,1.0,13055445.530605432,5913614.308552549,2606311.32762444,0.9991236548115779,0.4407306922020716,73.8848779797458
159,10,12,60,4,0.8738461538461549,6793676.348350524,2027666.6666666686,2027140.2383360248,0.7770997049642374,0.9997403772822734,141.98497993420025
160,10,12,90,4,0.5271672771672773,8947654.275050305,2669365.407367205,2669365.407367198,0.6821968640937996,0.9999999999999972,144.61890907074917
161,10,12,90,4,1.0,13198844.67372358,3978877.0864751376,3909466.99143666,0.9991236548115778,0.9825553558127207,98.0388838559568
162,10,12,90,4,1.0,13709006.34490925,5250303.136715754,3348061.061505698,0.855647844483943,0.6376890961004636,94.39050266983926
163,10,12,90,4,1.0,13315597.71109464,4068274.5117209777,3909466.9914366617,0.9991236548115783,0.9609644039931965,97.1792651051504
164,10,12,90,4,0.6076335877862604,12305901.666666683,3670333.333333338,3670333.333333334,0.9380094172451784,0.999999999999999,105.15279863685987
165,10,12,90,4,0.9440274414850679,13373497.482232217,4546445.766186117,3632945.81662266,0.9284544696213411,0.7990738267774904,96.75853318992915
166,10,12,90,4,0.949479791916767,16419051.804087691,6444579.330245519,3909466.991436663,0.9991236548115786,0.6066287326294305,78.81088478433605
167,10,12,90,4,0.8852014652014663,14935383.762808923,5308539.48240574,3909466.9914366603,0.9991236548115779,0.736448698251926,86.63988957700778
168,10,12,90,4,0.8619592875318068,16459179.409691874,6469925.032418389,3912896.0390532804,1.0,0.6047822840986894,78.61874324293694
169,10,12,90,4,0.8983119658119646,16752953.155785039,6773800.193224428,3862585.0512936153,0.9871422631070367,0.570224237667537,77.24011330821175
170,10,12,120,4,1.0,14403335.833333308,4295499.999999993,4295500.000000003,0.8233351890380073,1.0000000000000024,112.71000126533208
171,10,12,120,4,1.0,16511164.866733683,4923764.9876007,4923764.987600715,0.943757182364091,1.0000000000000029,98.32134880263894
172,10,12,120,4,0.5017720828789538,14927809.396747995,4518861.532633157,4409098.536747577,0.8451090623304073,0.9757100333584194,108.7500487749834
173,10,12,120,4,1.0,12261378.535315963,4154090.199224249,3340265.2034142395,0.6402416209265833,0.8040906776742628,132.39946840595331
174,10,12,120,4,0.8645583424209355,21695869.36137971,8777748.442855826,4997655.715801174,0.957920105579335,0.5693550855708044,74.82530305468077
175,10,12,120,4,1.0,18147907.28166584,5723820.92475313,5212622.655248887,0.9991236548115792,0.9106893321393886,89.45384031359148
176,10,12,120,4,0.8180661577608129,16569033.400578864,5481468.1787517145,4596536.176571908,0.8810359636498356,0.8385593105128032,97.97795446192318
177,10,12,120,4,0.6069520174482008,15501307.416594675,5223166.666666651,4240077.314101869,0.8127121073080728,0.8117828866463924,104.7266502348115
178,10,12,120,4,1.0,7840396.666666676,2339333.3333333363,2339333.3333333316,0.4483891170347826,0.999999999999998,207.05585049055742
179,10,12,120,4,1.0,14886806.540418886,4874263.794539818,4162559.634659143,0.7978539922439907,0.8539873527817821,109.0495799480122
180,10,12,150,4,1.0,20953792.184756976,6667388.669836044,5980599.926118973,0.9170598758201568,0.8969928441663864,93.19554106395032
181,10,12,150,4,0.8263779527559048,19748409.99999992,5888666.666666643,5888666.666666667,0.902962911545908,1.0000000000000042,98.88391014770342
182,10,12,150,4,0.9151260504201681,22116759.898421355,6709254.664411244,6521493.398422136,1.0000000000000007,0.9720145865106189,88.2950309615373
183,10,12,150,4,1.0,17343434.16666661,5171833.333333316,5171833.333333341,0.7930443254891065,1.0000000000000049,112.59592426932402
184,10,12,150,4,0.9628205128205117,19227728.786812533,5733471.074062354,5733471.074062369,0.8791653573473793,1.0000000000000027,101.56165721139884
185,10,12,150,4,1.0,18462172.499218863,5505287.381784063,5505287.381784085,0.8441758728324533,1.0000000000000042,105.77303402850468
186,10,12,150,4,1.0,24251911.265928015,8375848.046938351,6501278.859586704,0.9969003205860302,0.7761935057982737,80.52148874317906
187,10,12,150,4,0.7241366775717917,12506663.794452151,4217249.044620741,3419718.501144049,0.5243765947798775,0.8108884405359053,156.14076080515136
188,10,12,150,4,1.0,14525136.098358802,4331804.102839187,4331804.102839198,0.6642349900848282,1.0000000000000027,134.44280224132615
189,10,12,150,4,1.0,16744562.874473207,5083299.193916844,4935988.674418992,0.7568801151609307,0.9710206867866172,116.62293095611409
190,10,12,180,4,1.0,19699476.287501883,6609555.423339417,5405301.889354447,0.6907034885933555,0.8178011292964493,115.85079555886045
191,10,12,180,4,1.0,16365451.666666618,4880333.333333318,4880333.3333333405,0.6236216455311359,1.0000000000000047,139.45230761020895
192,10,12,180,4,0.8512820512820501,21419083.54417503,6386631.955541489,6386631.955541502,0.8161003885355894,1.000000000000002,106.54984352122992
193,10,12,180,4,0.9145401672119217,17833147.710841686,5317798.622208152,5317798.622208178,0.6795220942663751,1.0000000000000049,127.97516383563253
194,10,12,180,4,1.0,16141668.544175034,4813631.955541491,4813631.955541512,0.6150983705544811,1.0000000000000044,141.3856314639521
195,10,12,180,4,0.8252564102564093,16094814.999999953,4799666.666666652,4799666.6666666735,0.6133138497372327,1.0000000000000044,141.79721854522757
196,10,12,180,4,0.8794871794871812,17890858.333333287,5334999.999999986,5334999.999999997,0.6817201309149518,1.000000000000002,127.56235377192202
197,10,12,180,4,0.9305555555555538,23413129.154791422,7217391.994298265,6830298.622208162,0.8727932654020554,0.946366586102583,97.47522361969096
198,10,12,180,4,0.961786623046166,19207136.6666666,5727333.333333313,5727333.333333336,0.7318535013671172,1.000000000000004,118.82041761907637
199,10,12,180,4,1.0,14538654.166666651,4335833.333333327,4335833.333333334,0.5540440239222894,1.0000000000000016,156.9746397319561
200,10,12,210,4,0.8313559322033881,24427493.393368453,7283326.396433718,7283326.396433694,0.7977277104522326,0.9999999999999968,106.9123203901467
201,10,12,210,4,0.8519083969465643,21710525.833333295,6473499.999999989,6473499.999999996,0.7090290963949025,1.000000000000001,120.29188146103192
202,10,12,210,4,1.0,18967254.166666657,5655833.33333333,5655833.333333334,0.6194717537180051,1.0000000000000007,137.6899353512996
203,10,12,210,4,0.9551282051282038,19680750.83333326,5868499.999999979,5868499.999999994,0.6427646948626685,1.0000000000000029,132.69818931789618
204,10,12,210,4,1.0,16297792.499999952,4860166.666666652,4860166.6666666735,0.5323240256422799,1.0000000000000044,160.24256045719122
205,10,12,210,4,1.0,19563884.99999995,5833666.666666652,5833666.6666666735,0.6389494717441472,1.0000000000000038,133.49086850592337
206,10,12,210,4,0.9212820512820497,17042043.333333276,5081999.999999982,5081999.999999999,0.5566209728707648,1.000000000000003,153.24453464402697
207,10,12,210,4,0.933076923076923,28107392.500000026,8380166.666666674,8380166.666666657,0.917862361829821,0.9999999999999979,92.91505784465768
208,10,12,210,4,1.0,30676980.908039145,9171126.808569673,9130090.757790986,0.9999999999999997,0.9955255170236723,85.13223670311082
209,10,12,210,4,1.0,22485530.833333313,6704499.9999999935,6704500.0,0.7343300497072105,1.0000000000000009,116.14580146484582
210,10,15,30,4,0.9755725190839695,8323809.045697769,4435288.928950289,1239867.4334579618,0.9506008499203159,0.27954603484003565,76.31121719788952
211,10,15,30,4,0.9113413304253005,6012452.848949398,2566197.2132196217,1303155.6638122203,0.999123654811578,0.5078158674240181,105.64739815148711
212,10,15,30,4,0.9929782082324453,5881072.618003117,2482546.9664354683,1292353.8050293133,0.990841917697867,0.5205757725844447,108.00750836769609
213,10,15,30,4,1.0,6889223.515234561,3235744.400633875,1304298.6796844266,0.9999999999999999,0.4030907631112388,92.2019729212361
214,10,15,30,4,1.0,4959891.316019103,2008557.8468055546,1144890.8905601383,0.8777827566590369,0.5700064314209285,128.0673223521
215,10,15,30,4,0.864871794871794,5107968.9776128065,1902602.8272423488,1284693.19272863,0.9849685602989798,0.675229309204106,124.35470982379748
216,10,15,30,4,1.0,5528052.18895996,2209027.3991754195,1294401.6946332513,0.9924120255541699,0.5859599999150858,114.90484863159472
217,10,15,30,4,0.9663461538461539,4300978.994937889,1284693.1927286305,1284693.1927286307,0.9849685602989804,1.0000000000000002,147.68730578494095
218,10,15,30,4,1.0,6580660.010638069,3002053.0747510786,1302657.5703659486,0.9987417687803877,0.4339222318625933,96.52527238501267
219,10,15,30,4,0.963203463203463,8104064.167957556,4196703.279267426,1284693.1927286305,0.9849685602989803,0.3061196151453638,78.38042577593356
220,10,15,60,4,1.0,9956471.167005997,3599513.8819837146,2569386.38545726,0.9849685602989797,0.7138148288071763,96.88171479836305
221,10,15,60,4,1.0,9165987.837513344,2936311.327624445,2606311.3276244393,0.9991236548115776,0.8876140970150518,105.23688413072212
222,10,15,60,4,1.0,6754294.436199373,2015934.7549526198,2015934.7549526172,0.7728041078138521,0.9999999999999988,142.81284434836962
223,10,15,60,4,1.0,8985072.51103865,3294392.2727334336,2289781.781120274,0.877782756659036,0.6950543807645558,107.35583923390006
224,10,15,60,4,1.0,10886565.630488828,4255315.140731891,2605315.1407318963,0.9987417687803872,0.6122496347670731,88.6046190084547
225,10,15,60,4,0.8628205128205116,9380976.008071022,3158859.089537329,2569386.38545726,0.9849685602989798,0.8133906301700822,102.82512173254639
226,10,15,60,4,1.0,9086461.79654228,2875418.4938028045,2606311.3276244383,0.9991236548115774,0.9064111304986198,106.15793271337634
227,10,15,60,4,1.0,8735007.837513335,2606311.3276244416,2606311.3276244383,0.9991236548115774,0.9999999999999988,110.42920830104264
228,10,15,60,4,0.9580152671755725,8742677.474015841,2608597.359368855,2608597.359368853,0.9999999999999998,0.9999999999999991,110.33233272837673
229,10,15,60,4,1.0,11969192.11032051,5082715.824414035,2606311.3276244393,0.9991236548115777,0.5127792734556255,80.59023458803604
230,10,15,90,4,1.0,13306197.658698423,5049819.991682873,3279794.7370557766,0.8382013486484855,0.649487455485076,97.24791658675659
231,10,15,90,4,0.7872773536895674,8830465.788909022,2865835.0054543675,2487482.6444374174,0.6357139621422858,0.8679783168616282,146.53813637161147
232,10,15,90,4,0.9012820512820504,6581504.008645362,1964432.3920453142,1964432.392045312,0.5020405276396261,0.999999999999999,196.61159490296163
233,10,15,90,4,1.0,13768889.858126685,4416201.117411673,3909466.991436661,0.9991236548115782,0.8852556501611485,93.97998047288135
234,10,15,90,4,0.885897435897435,13050375.69468495,3892561.0615056977,3892561.0615056986,0.9948030877016345,1.0000000000000002,99.15423358478559
235,10,15,90,4,1.0,14861330.342800453,5252679.283318093,3909466.9914366603,0.9991236548115779,0.7442805434271762,87.07161271244308
236,10,15,90,4,1.0,13040455.764543666,3931995.146332093,3862585.0512936153,0.9871422631070367,0.982347359939336,99.22966063182547
237,10,15,90,4,1.0,16277980.13228853,6533662.374726619,3784374.688902991,0.9671544173758869,0.5792118526879554,79.49389233085861
238,10,15,90,4,0.9806295399515734,17254305.849472612,7329315.977770753,3753726.6223380496,0.9593218385751588,0.5121523800751409,74.99577272414885
239,10,15,90,4,0.9106227106227118,12371342.018940277,3690166.523280758,3690166.5232807593,0.9430780901026927,1.0000000000000004,104.59657473044653
240,10,15,120,4,1.0,18225600.701162245,5802351.501680256,5201023.087669372,0.9969003205860316,0.8963647042346968,89.07250996102839
241,10,15,120,4,0.7863766788766772,17122726.609784886,5120023.780322276,5097677.998707032,0.9770917655035133,0.9956356097990939,94.80966653244923
242,10,15,120,4,1.0,17984765.90952972,5611880.076196188,5204888.822198252,0.9976412809559785,0.9274768440394398,90.26528386114812
243,10,15,120,4,1.0,17488521.705400508,5609640.716807742,4964127.670042116,0.9514936546671925,0.8849279161798146,92.82659948889157
244,10,15,120,4,1.0,18691651.89899029,6346588.246097453,5081588.246097472,0.9740077800521417,0.8006803102788597,86.8516067372138
245,10,15,120,4,1.0,16430330.244175602,5024087.503210696,4820907.092068883,0.9240420095409617,0.9595587435505514,98.80507426656747
246,10,15,120,4,0.7861581920903943,14326445.900416015,4272909.856060411,4272909.85606042,0.8190052483021459,1.0000000000000022,113.31491503785034
247,10,15,120,4,1.0,19031269.47333969,6393877.612031265,5217194.71873771,1.0000000000000007,0.8159672479374006,85.30171895648738
248,10,15,120,4,0.9370879120879129,17479182.341693275,5212622.655248865,5212622.655248887,0.9991236548115792,1.0000000000000042,92.8761979974136
249,10,15,120,4,0.8200122100122105,21569222.82960253,8344353.5035713725,5212622.655248883,0.9991236548115786,0.6246886176404065,75.26464967351424
250,10,15,150,4,1.0,16161374.16666662,4819833.333333319,4819833.3333333405,0.7390689584228505,1.0000000000000044,120.83130926005761
251,10,15,150,4,1.0,15495024.9916285,4621219.570281718,4621219.570281727,0.7086137005673924,1.000000000000002,126.02754761964177
252,10,15,150,4,0.4571428571428571,11019277.500000006,3287166.6666666684,3287166.666666666,0.5040512143218595,0.9999999999999992,177.21670045971698
253,10,15,150,4,1.0,12913734.166666668,3851833.3333333335,3851833.333333333,0.5906366989906452,0.9999999999999999,151.2188476854842
254,10,15,150,4,1.0,12440119.999999993,3710666.6666666637,3710666.666666668,0.568990327823449,1.000000000000001,156.97597772368763
255,10,15,150,4,0.9728846153846169,18258808.33333327,5444999.99999998,5445000.000000003,0.8349314593061483,1.0000000000000042,106.95111993891571
256,10,15,150,4,0.9034301856335757,22326710.295731537,6876833.333333321,6517683.079094628,0.9994157290217566,0.9477738899824977,87.46474398305513
257,10,15,150,4,1.0,11837244.45885336,3934053.9867421826,3274053.9867421873,0.5020405276396264,0.832234127385083,164.97082634290396
258,10,15,150,4,1.0,21822017.439126156,7007220.155155481,6188264.8038847,0.9489030235592883,0.8831269272068976,89.48760147623629
259,10,15,150,4,1.0,9975775.453479258,2976137.7407290386,2976137.74072903,0.456358315328373,0.9999999999999972,195.7542056862277
260,10,15,180,4,1.0,16780005.641954057,5004224.235058337,5004224.235058357,0.6394527461390365,1.000000000000004,136.00710564089144
261,10,15,180,4,1.0,20423901.66666664,6090333.333333326,6090333.333333337,0.7782385824396812,1.000000000000002,111.74162690592678
262,10,15,180,4,1.0,18064942.86786952,5719999.999999978,5175104.702067475,0.6612882952187485,0.9047385842775342,126.33308705665175
263,10,15,180,4,1.0,22771166.87750839,6789965.288874831,6789965.288874831,0.8676393675051041,1.0,100.2232345964748
264,10,15,180,4,1.0,25605231.60750332,7634693.971436659,7634693.971436649,0.9755809885104758,0.9999999999999987,89.13022287723527
265,10,15,180,4,0.8449084249084259,20673732.710841697,6164798.622208156,6164798.622208167,0.7877539501023558,1.0000000000000018,110.3912888843325
266,10,15,180,4,0.8230769230769224,22158436.66666668,6607333.333333337,6607333.333333334,0.8443021827551505,0.9999999999999997,102.99463063805187
267,10,15,180,4,1.0,18191149.166666597,5424833.3333333125,5424833.333333337,0.693199267139981,1.0000000000000044,125.45661514237352
268,10,15,180,4,0.9068681318681332,18235435.685958024,5438033.488114662,5438033.488114677,0.6948860171391625,1.000000000000003,125.15193161835889
269,10,15,180,4,1.0,10072049.166666688,3004833.33333334,3004833.333333333,0.3839653933228888,0.9999999999999977,226.5874562599347
270,10,15,210,4,1.0,31592925.50144776,9885857.949506665,9122089.64668554,0.9991236548115777,0.9227413233406576,82.66407616731544
271,10,15,210,4,1.0,24473204.99454479,7414089.107901052,7222826.3964337,0.7911012702990097,0.9742028037856293,106.71262716028161
272,10,15,210,4,1.0,21641766.666666638,6453333.333333324,6453333.333333321,0.7068202830104938,0.9999999999999996,120.67406696619054
273,10,15,210,4,0.7442021083242468,25552551.386671495,7632166.666666671,7610594.625022668,0.8335727241844023,0.9971735363513198,102.20505813608267
274,10,15,210,4,0.9437022900763359,22440989.180486493,6776732.004401736,6637259.077308209,0.7269652902020093,0.9794188515935212,116.3763316757405
275,10,15,210,4,0.9121611721611718,19950326.443390828,5949178.274234722,5949178.274234733,0.6516012197532773,1.0000000000000018,130.9051261597363
276,10,15,210,4,1.0,21772971.988279887,6492440.731727735,6492440.731727751,0.7111036356552699,1.0000000000000024,119.94687732137767
277,10,15,210,4,1.0,22330660.000000004,6658666.666666667,6658666.66666666,0.7293100192881011,0.999999999999999,116.95131267951774
278,10,15,210,4,0.8174358974358973,10410345.000000011,3105666.6666666702,3105666.6666666646,0.3401572611988006,0.9999999999999981,250.8658454642951
279,10,15,210,4,1.0,15516272.322386783,4627552.604784932,4627552.604784953,0.5068462874628185,1.0000000000000047,168.3136223532246
280,10,18,30,4,0.8946886446886434,4317926.135152019,1290072.3701396973,1290072.3701396976,0.9890927517091628,1.0000000000000002,147.10765773153665
281,10,18,30,4,1.0,4289394.223034081,1281568.0744264524,1281568.0744264522,0.9825725459881058,0.9999999999999999,148.0861788335917
282,10,18,30,4,1.0,8346144.047596642,4382905.331058461,1284693.1927286307,0.9849685602989804,0.2931145200935427,76.10700179359023
283,10,18,30,4,0.9366117216117222,6804040.585423335,3173155.663812221,1303155.6638122203,0.9991236548115782,0.41068129076485727,93.35629204811379
284,10,18,30,4,0.9929116684841874,4299878.994937889,1284693.1927286305,1284693.1927286305,0.9849685602989803,1.0,147.72508732171318
285,10,18,30,4,1.0,4365655.403674586,1304298.6796844266,1304298.6796844266,1.0,1.0,145.4993446036419
286,10,18,30,4,1.0,5180102.66910115,1929711.623749292,1303155.6638122203,0.9991236548115782,0.6753110919652762,122.62305220105218
287,10,18,30,4,1.0,4237452.452885329,1266086.1757233965,1266086.1757233967,0.9707026430707761,1.0000000000000002,149.90138699196146
288,10,18,30,4,1.0,5164727.914024316,1924280.500951113,1299113.8342844471,0.9960248020788964,0.675116664978071,122.98808583413974
289,10,18,30,4,0.9367948717948718,5669437.661604558,2333359.8593952977,1284693.1927286307,0.9849685602989804,0.5505765377576889,112.03933051452344
290,10,18,60,4,1.0,9083150.754633766,2931657.5172270294,2569386.38545726,0.9849685602989798,0.8764278809373235,106.19663000836023
291,10,18,60,4,1.0,7669105.295000104,2288933.5206160275,2288933.5206160243,0.8774575778800253,0.9999999999999986,125.77738378802464
292,10,18,60,4,1.0,8264984.660929243,2577390.410609809,2395890.4106098055,0.91845926394309,0.9295799350952575,116.70923051556501
293,10,18,60,4,1.0,8302235.433707969,2712887.5964222965,2327706.6371142548,0.8923211659147888,0.8580180911969921,116.18557528296779
294,10,18,60,4,0.8170903954802247,8733907.837513333,2606311.3276244416,2606311.3276244393,0.9991236548115776,0.9999999999999991,110.4431164085463
295,10,18,60,4,1.0,9386641.71017767,3543213.9949442777,2327706.6371142548,0.8923211659147887,0.656947799493793,102.76305730878292
296,10,18,60,4,1.0,9514026.05228309,3200058.751610239,2608597.3593688514,0.9999999999999991,0.8151717083494889,101.38715142245422
297,10,18,60,4,0.8362413667757169,13680923.57137002,6452157.376902579,2569386.38545726,0.9849685602989798,0.39822128248996913,70.50693580502212
298,10,18,60,4,1.0,9359504.633898968,3081742.198483036,2608597.3593688523,0.9999999999999997,0.8464683907216232,103.06100992848897
299,10,18,60,4,1.0,8589055.112734834,2563136.1488529067,2563136.1488529043,0.9825725459881058,0.9999999999999991,112.30571783964983
300,10,18,90,4,1.0,13121755.844833173,3983114.5882474114,3870217.1104190913,0.9890927517091624,0.9716559804326405,98.6148511907822
301,10,18,90,4,1.0,13886880.270377224,4594286.2797404425,3854079.5781858917,0.9849685602989802,0.8388853770783371,93.18147595470337
302,10,18,90,4,1.0,12854343.566194396,3834459.085800615,3834459.085800619,0.9799542455332805,1.000000000000001,100.66636178941779
303,10,18,90,4,1.0,13117499.54435709,3912896.03905328,3912896.0390532804,1.0,1.0000000000000002,98.64684924320468
304,10,18,90,4,1.0,13882496.180423407,4577585.051293613,3862585.0512936153,0.9871422631070367,0.8438041036948203,93.21090264910369
305,10,18,90,4,0.9402035623409655,12146851.924025195,3716302.959478183,3564483.6142573706,0.9109579142102104,0.9591477479429906,106.52965954418232
306,10,18,90,4,1.0,13105995.089603323,3909466.9914366594,3909466.9914366603,0.9991236548115779,1.0000000000000002,98.7334415397805
307,10,18,90,4,1.0,11513013.883553253,3434658.8823308265,3434658.8823308223,0.8777792325813576,0.9999999999999989,112.39454873311016
308,10,18,90,4,0.7417948717948715,13086534.832189666,3903666.616648683,3903666.6166486875,0.997641280955978,1.000000000000001,98.88026254414403
309,10,18,90,4,1.0,10181534.676155483,3037794.737055782,3037794.7370557757,0.776354573885067,0.9999999999999979,127.09282452580229
310,10,18,120,4,1.0,17230315.979751498,5138772.770914504,5138772.7709145285,0.9849685602989813,1.0000000000000047,94.2176569430164
311,10,18,120,4,1.0,19544849.783308256,6795139.838721258,5212622.655248884,0.9991236548115787,0.7671104317155334,83.06024441213256
312,10,18,120,4,1.0,13250523.148445815,3952545.3994374014,3952545.3994374103,0.7575997470904676,1.0000000000000022,122.51591743307225
313,10,18,120,4,1.0,17493421.614698283,5217194.71873769,5217194.71873771,1.0000000000000007,1.000000000000004,92.80059874827407
314,10,18,120,4,1.0,21343828.571808778,8172612.111692544,5212622.655248881,0.9991236548115782,0.6378159863712595,76.05945646247407
315,10,18,120,4,1.0,17215668.27536008,5147169.2220731815,5126272.297705813,0.9825725459881067,0.9959401132028545,94.29782068486361
316,10,18,120,4,1.0,17473839.215170152,5325237.729121741,5138772.770914526,0.9849685602989809,0.9649846696631951,92.9045975535029
317,10,18,120,4,1.0,17161114.153658636,5118146.2951789275,5118146.295178943,0.981015003483955,1.000000000000003,94.5975876312146
318,10,18,120,4,0.9623046165030896,18298216.542663172,6379354.047666788,4869227.341667665,0.9333037396859454,0.7632790569836075,88.71902877610859
319,10,18,120,4,1.0,18721075.738483574,6157205.533274651,5217194.718737708,1.0000000000000002,0.8473315841972541,86.71510241598419
320,10,18,150,4,0.8432933478735014,21850169.59378327,6515778.319061084,6515778.319061092,0.9991236548115769,1.0000000000000013,89.37230402804761
321,10,18,150,4,1.0,15837245.112113483,5674166.666666646,4117642.807278456,0.6313956874164306,0.7256823863613109,123.30427332379644
322,10,18,150,4,0.9135439560439551,16121096.89913291,4808156.055379904,4808156.055379916,0.7372783750027629,1.0000000000000024,121.13319659439759
323,10,18,150,4,1.0,19379997.986136407,5779512.5641737925,5779512.564173811,0.8862253185094319,1.0000000000000033,100.76368436141979
324,10,18,150,4,0.9710256410256408,13589225.833333332,4053499.9999999995,4053499.9999999995,0.6215600863723544,1.0,143.7020786872149
325,10,18,150,4,1.0,18146048.953999307,5500273.833962164,5355274.765012888,0.8211730715404222,0.9736378454370835,107.61571320293456
326,10,18,150,4,1.0,21206097.12014585,6323804.407395683,6323804.407395694,0.9696865458647449,1.0000000000000018,92.08672340488503
327,10,18,150,4,1.0,19075328.284555465,5834388.492321826,5595843.621400626,0.8580616861092789,0.9591139891978175,102.37307431196896
328,10,18,150,4,1.0,17281811.140279874,5154121.551995989,5154121.551996013,0.7903284166849033,1.0000000000000047,112.99741584656473
329,10,18,150,4,1.0,22028472.556536134,6652304.324231715,6515778.319061102,0.9991236548115785,0.9794768852240716,88.64890631831751
330,10,18,180,4,0.9351648351648367,16024955.833333299,4779499.999999989,4779500.000000004,0.6107369007887566,1.000000000000003,142.41536911152204
331,10,18,180,4,1.0,26967088.84734998,8596787.566603765,7686652.490010748,0.982220382715627,0.8941307936782513,84.62908298773483
332,10,18,180,4,0.9703754578754578,17947817.90443493,5885064.7549140435,5013269.888327911,0.6406086231645531,0.8518631649960722,127.15751921218597
333,10,18,180,4,0.9933554817275749,19543232.49999994,5828166.666666649,5828166.66666666,0.744738246109495,1.000000000000002,116.77699684532776
334,10,18,180,4,1.0,17987071.6666666,5364333.333333313,5364333.333333336,0.6854684202945536,1.0000000000000042,126.88001928792791
335,10,18,180,4,0.8653846153846163,21985113.333333343,6556000.000000003,6555999.999999997,0.8377426763408481,0.9999999999999992,103.80660610649565
336,10,18,180,4,0.9923076923076923,11627110.0,3468666.6666666665,3468666.666666667,0.4432352191378315,1.0000000000000002,196.28265321305122
337,10,18,180,4,0.9154004604386271,21059139.784759883,6515133.07046991,6130133.070469918,0.7833242960312709,0.9409068094487556,108.37099821387703
338,10,18,180,4,1.0,23418363.0172907,6983198.117423956,6983198.117423956,0.8923311592905917,1.0,97.45343849674556
339,10,18,180,4,1.0,26644928.458924465,8153328.013835808,7812078.447789887,0.9982476367657352,0.9581459784928514,85.65232229909023
340,10,18,210,4,0.9204331450094159,21671420.83333332,6462499.999999996,6462499.999999993,0.707824289094316,0.9999999999999994,120.50894217249645
341,10,18,210,4,1.0,21234711.666666623,6332333.33333332,6332333.333333329,0.6935674027040479,1.0000000000000013,122.98730686791393
342,10,18,210,4,1.0,21008418.286323667,6667501.965022104,6008261.291689348,0.658072460732366,0.9011262873575216,124.31207168509842
343,10,18,210,4,1.0,30359035.129355922,9051952.845312245,9051952.845312202,0.991441715690273,0.9999999999999952,86.02381429028657
344,10,18,210,4,1.0,24096284.96695108,7185261.291689344,7185261.291689338,0.7869868418950745,0.9999999999999993,108.381852371928
345,10,18,210,4,1.0,23848120.801537585,7111292.837020641,7111292.837020652,0.7788852296952651,1.0000000000000013,109.50967674700891
346,10,18,210,4,1.0,18929584.96695103,5645261.291689329,5645261.291689344,0.6183138198130251,1.0000000000000027,137.96393341742916
347,10,18,210,4,1.0,27594673.333333414,8228000.000000026,8227999.999999982,0.9011958608383793,0.9999999999999947,94.64145374916532
348,10,18,210,4,0.8781712685074028,23544072.548131898,7238658.660905795,6881723.281432692,0.7537409500075676,0.9506903977389041,110.92388518006062
349,10,18,210,4,1.0,30594344.097963456,9122089.646685582,9122089.646685537,0.9991236548115774,0.9999999999999951,85.36218301126593
350,10,21,30,4,1.0,6168448.476248698,3045805.245818043,1074667.3947667154,0.823942714583388,0.3528352301061458,102.97565140501793
351,10,21,30,4,1.0,5021284.7817215435,1837913.5501433732,1284693.1927286305,0.9849685602989803,0.6989954411231221,126.50148868517714
352,10,21,30,4,1.0,5584898.728880115,2488808.54578029,1144890.8905601383,0.8777827566590369,0.4600156538763382,113.73527629342895
353,10,21,30,4,0.7611232279171192,4811319.181424895,2052538.9834891139,1045422.1257465972,0.8015204968232703,0.5093311913469641,132.02200395524008
354,10,21,30,4,0.9270782889426953,4168063.959630781,1245731.9303420112,1245731.9303420112,0.9550971336131493,1.0,152.39689365425858
355,10,21,30,4,1.0,6181152.6103839455,2849890.8905601385,1205740.2508438611,0.9244356907081961,0.4230829519957082,102.76400536251187
356,10,21,30,4,1.0,5692454.164022439,2422153.4912203234,1239867.433457962,0.950600849920316,0.5118864010691969,111.58631790390224
357,10,21,30,4,0.8270992366412201,5164046.467680407,2322621.132229931,1045422.1257465972,0.8015204968232703,0.45010445795044296,123.0043153127009
358,10,21,30,4,1.0,5222680.585423333,1963155.6638122203,1303155.6638122203,0.9991236548115782,0.6638065884605622,121.62336746628989
359,10,21,30,4,1.0,4364555.403674586,1304298.6796844266,1304298.6796844266,1.0,1.0,145.53601484018634
360,10,21,60,4,1.0,9443924.837513344,3150811.327624445,2606311.3276244393,0.9991236548115777,0.8271873675119319,102.13973708985876
361,10,21,60,4,1.0,9390240.457875952,3284487.3445618353,2494908.078352782,0.9564174668015542,0.7596034986962672,102.72367404510427
362,10,21,60,4,1.0,9297648.094572222,3037612.335078802,2607073.231637853,0.9994157290217571,0.858263973164377,103.74666691925175
363,10,21,60,4,0.9567430025445286,7913273.027739216,2362038.6570509337,2362038.6570509323,0.9054822694531993,0.9999999999999996,121.89646390547725
364,10,21,60,4,1.0,8732807.837513335,2606311.327624442,2606311.3276244393,0.9991236548115776,0.9999999999999989,110.45702801982983
365,10,21,60,4,1.0,8740477.474015841,2608597.359368855,2608597.3593688523,0.9999999999999997,0.999999999999999,110.36010365195888
366,10,21,60,4,1.0,11590156.178562572,4811081.792743794,2595534.418694907,0.9949923507255611,0.5394908111122874,83.22579826699376
367,10,21,60,4,1.0,8608924.65654245,2569386.385457263,2569386.38545726,0.9849685602989797,0.9999999999999989,112.04651434217644
368,10,21,60,4,1.0,10565336.405113451,4009472.55855868,2606311.3276244397,0.9991236548115778,0.6500384500851536,91.2985600281643
369,10,21,60,4,0.9943589743589742,10957215.43544403,4331400.393062794,2592373.4449832574,0.9937805984785933,0.5985069976756764,88.03331518697209
370,10,21,90,4,1.0,13620263.014198717,4298702.677523141,3912896.039053281,1.0000000000000002,0.9102504482370581,95.00550750385977
371,10,21,90,4,1.0,10105719.175868036,3040157.6281772587,2999824.2948439186,0.7666506507976946,0.98673314404506,128.04630501607534
372,10,21,90,4,0.8902838827838809,12815665.597579889,3823258.4990302697,3823258.4990302688,0.9770917655035121,0.9999999999999998,100.97017514598376
373,10,21,90,4,1.0,13605795.597579867,4428258.499030264,3823258.4990302688,0.9770917655035121,0.8633774428181005,95.10652947264403
374,10,21,90,4,1.0,13405169.253134558,4134006.076402034,3912896.0390532804,1.0,0.9465143414735391,96.52992629670986
375,10,21,90,4,1.0,13519093.139080029,4313515.122545031,3854079.5781858936,0.9849685602989806,0.8934892932314413,95.7164794034444
376,10,21,90,4,1.0,13116399.54435709,3912896.03905328,3912896.0390532804,1.0,1.0000000000000002,98.65512220971509
377,10,21,90,4,1.0,14157480.94254877,4710048.717607416,3912896.0390532804,1.0,0.8307548973805373,91.40044088712305
378,10,21,90,4,1.0,13195856.285638068,5164647.329556536,3153827.9843357382,0.8060086321891656,0.6106569883846344,98.06108614628872
379,10,21,90,4,1.0,12738056.857290115,4304397.469949477,3478711.775599209,0.88903761839808,0.8081762429899486,101.58535281301018
380,10,21,120,4,1.0,19619959.225971937,7033831.296545104,5097677.99870703,0.9770917655035131,0.7247370293357649,82.74227185197321
381,10,21,120,4,1.0,16701868.281411625,4981590.148458507,4981590.148458528,0.9548407558121229,1.0000000000000042,97.19870691393047
382,10,21,120,4,0.8947837150127225,12619384.882102357,3799269.2134720245,3742755.468996857,0.717388495306614,0.9851251013550784,128.64335426542166
383,10,21,120,4,1.0,15147889.127224375,4518407.092068864,4518407.092068883,0.866060658200257,1.0000000000000042,107.17004767894441
384,10,21,120,4,1.0,15676184.564136429,4675872.19994131,4675872.199941331,0.8962426077653953,1.0000000000000044,103.55836226335155
385,10,21,120,4,1.0,16971084.16666662,5061833.333333319,5061833.33333334,0.9702212791011264,1.000000000000004,95.65682333887456
386,10,21,120,4,1.0,18251790.564136423,5825372.199941309,5200205.533274664,0.99674361675595,0.8926821076474832,88.94469801718385
387,10,21,120,4,1.0,14123019.195640756,4411398.897788415,4086431.870080909,0.7832622875669888,0.9263346989839385,114.9470929347092
388,10,21,120,4,1.0,17476982.341693282,5212622.655248866,5212622.655248885,0.9991236548115789,1.0000000000000038,92.88788923973442
389,10,21,120,4,0.8344696969696977,13608654.884294657,4233624.88640983,3948710.3217716455,0.7568646628406904,0.9327019818045817,119.29173116687069
390,10,21,150,4,1.0,22986069.28551953,7377408.865864661,6521493.398422132,1.0,0.883981560056559,84.95580413264481
391,10,21,150,4,1.0,16862123.0249513,5516611.291226981,4718787.381784085,0.7235746620437875,0.8553779000685315,115.80985366495034
392,10,21,150,4,1.0,13011116.377244687,4156166.6666666563,3706456.5042677987,0.5683447452641095,0.8917968891850201,150.08704429200847
393,10,21,150,4,1.0,20542894.905151732,6126456.504267779,6126456.504267795,0.9394253938446191,1.0000000000000024,95.0596305445869
394,10,21,150,4,0.8205128205128213,23096816.02310076,7616003.775086225,6423465.963643151,0.9849685602989802,0.8434168565745528,84.54845022997398
395,10,21,150,4,1.0,22921750.35170626,7328160.065088801,6521493.398422126,0.999999999999999,0.889922346195791,85.19419198083347
396,10,21,150,4,1.0,20266277.653966535,6130222.00316936,5989055.3365027085,0.918356420931401,0.9769720139672484,96.35711270430542
397,10,21,150,4,1.0,18447049.236014638,5501763.30929398,5501763.309294003,0.843635494689782,1.0000000000000042,105.85974889618116
398,10,21,150,4,0.9094017094017093,21852240.687117293,6620839.143723414,6450361.85069848,0.9890927517091619,0.9742514069101728,89.36383357479895
399,10,21,150,4,1.0,10881759.166666673,3246833.3333333354,3246833.333333332,0.49786653684551757,0.999999999999999,179.45627817070925
400,10,21,180,4,1.0,18256608.333333276,5444999.999999982,5445000.0000000065,0.6957762160884571,1.0000000000000044,125.00678977886129
401,10,21,180,4,0.9942307692307693,16091514.999999966,4799666.666666656,4799666.66666667,0.6133138497372322,1.0000000000000029,141.826297896749
402,10,21,180,4,1.0,24209235.524001136,7231571.889915888,7211405.223249199,0.9214920548967599,0.9972113024701019,94.26980863304905
403,10,21,180,4,1.0,23826668.44853186,7185387.790050255,7054133.070469913,0.9013954114887052,0.9817331056561632,95.78342876301801
404,10,21,180,4,0.8888434508663517,15001241.378948826,4683931.22920314,4341334.241228029,0.5547469441941024,0.9268569560033024,152.1340762640218
405,10,21,180,4,1.0,16786559.166666605,5006833.333333315,5006833.333333341,0.6397861434806658,1.0000000000000053,135.95400804542533
406,10,21,180,4,1.0,23730952.154645424,7957670.675354084,6515178.584333623,0.8325264100180337,0.8187293556281435,96.16976112579835
407,10,21,180,4,0.9440567066521272,21658019.166666653,6458833.333333329,6458833.333333324,0.8253264677709186,0.9999999999999992,105.3743642222129
408,10,21,180,4,1.0,24041686.018402714,7169315.25635451,7169315.256354493,0.9161136898092874,0.9999999999999977,94.9267866759881
409,10,21,180,4,1.0,18797881.6666666,5606333.333333314,5606333.333333338,0.716391807676263,1.0000000000000042,121.40729686829117
410,10,21,210,4,1.0,15587545.012072712,4933137.20930598,4468635.667831047,0.48944044329656006,0.9058405388362832,167.5440229989578
411,10,21,210,4,0.8727250696716353,26080468.333333403,7777000.000000021,7776999.999999993,0.8517987615143516,0.9999999999999962,100.13623860665564
412,10,21,210,4,1.0,19745109.99999993,5888666.666666646,5888666.6666666595,0.644973508247076,1.0000000000000024,132.26565970004773
413,10,21,210,4,1.0,27255277.50000008,8127166.66666669,8127166.666666646,0.89015179391634,0.9999999999999944,95.81997468196728
414,10,21,210,4,1.0,21639566.666666638,6453333.333333324,6453333.333333326,0.7068202830104943,1.0000000000000002,120.68633537024017
415,10,21,210,4,1.0,14742639.970412608,4397617.4775199015,4397617.477519916,0.48166196746371803,1.000000000000003,177.14602033565825
416,10,21,210,4,1.0,22741714.075728014,6781842.248105718,6781842.248105724,0.7428011865400755,1.0000000000000009,114.8374300768882
417,10,21,210,4,1.0,29646252.42976366,9023959.354625579,8722463.728301229,0.9553534526322295,0.9665894299302439,88.09207862569697
418,10,21,210,4,1.0,29009700.800284553,8650094.625022719,8650094.625022672,0.9474270140897865,0.9999999999999947,90.02505809968171
419,10,21,210,4,1.0,25674513.333333343,7656000.000000003,7655999.999999997,0.8385458812079054,0.9999999999999993,101.71955223039602
420,10,24,30,4,1.0,4185677.404129292,1251309.708135904,1251309.7081359043,0.9593735910540497,1.0000000000000002,151.75560337577778
421,10,24,30,4,0.8620512820512807,5943723.097032508,2514304.570463848,1304298.6796844269,1.0000000000000002,0.5187512662572161,106.86904312839422
422,10,24,30,4,1.0,6780750.276783669,3167940.5429287786,1296186.7224916294,0.9937805984785938,0.40915752834593844,93.67694931559934
423,10,24,30,4,1.0,6929192.263692217,3675029.8581195325,1045422.1257465972,0.8015204968232703,0.28446629445387056,91.67013640656782
424,10,24,30,4,1.0,4819646.479981759,1968753.8187048102,1103426.3833186647,0.845992103270117,0.5604694567879386,131.7938987098498
425,10,24,30,4,1.0,4359620.585423333,1303155.6638122203,1303155.6638122203,0.9991236548115782,1.0000000000000002,145.70075252049028
426,10,24,30,4,1.0,5936245.249054097,2508624.8048214987,1304269.360968218,0.9999775214706068,0.5199140813968884,107.00366533899776
427,10,24,30,4,1.0,6722827.585423343,3112655.663812224,1303155.6638122203,0.999123654811578,0.4186636122211414,94.48405331370711
428,10,24,30,4,1.0,4359620.585423333,1303155.6638122203,1303155.6638122203,0.999123654811578,1.0,145.70075252049028
429,10,24,30,4,1.0,6567157.036051111,3022425.2303344635,1284693.1927286305,0.9849685602989803,0.4250537547909715,96.72374156929727
430,10,24,60,4,1.0,11420470.355951168,4661501.556869118,2608597.3593688523,0.9999999999999997,0.5596045238952807,84.46237063234005
431,10,24,60,4,1.0,9922674.203464212,3518230.44397274,2606311.3276244393,0.9991236548115777,0.7408017664361481,97.21169719179514
432,10,24,60,4,0.8820879120879117,12644773.375401236,5602533.0258541005,2606311.3276244393,0.9991236548115776,0.46520231395282313,76.28448303205687
433,10,24,60,4,1.0,8315209.105702016,2642281.750333437,2380115.083666767,0.912411827420784,0.9007802000549008,116.00429859767948
434,10,24,60,4,1.0,10451317.135275844,3919424.05252353,2608597.3593688514,0.9999999999999992,0.6655562971527157,92.29458713335093
435,10,24,60,4,1.0,10803953.30752346,4193023.0198220923,2606311.3276244393,0.9991236548115777,0.6215828807290984,89.28213335837813
436,10,24,60,4,1.0,9521103.573843017,3390934.7549526193,2491463.8606840204,0.9550971336131486,0.7347424945422852,101.31178518528152
437,10,24,60,4,1.0,10388637.74670009,3871430.6462633824,2608597.3593688523,0.9999999999999996,0.6738070748824111,92.85144246235764
438,10,24,60,4,1.0,8731707.837513335,2606311.3276244416,2606311.3276244393,0.9991236548115776,0.999999999999999,110.47094313621747
439,10,24,60,4,0.9551923076923077,11109902.989875747,4485219.718790586,2569386.38545726,0.9849685602989797,0.5728563028234613,86.82344039178582
440,10,24,90,4,1.0,15489172.809849754,5797522.677846666,3870217.1104190913,0.9890927517091624,0.6675639450636145,83.54222758604189
441,10,24,90,4,1.0,13741830.402522156,4471562.250450402,3862585.051293617,0.9871422631070372,0.8638110877030851,94.1650393067361
442,10,24,90,4,1.0,13115299.544357091,3912896.039053281,3912896.03905328,0.9999999999999999,0.9999999999999997,98.6633965639579
443,10,24,90,4,1.0,13063114.07540629,3897341.50285334,3897341.50285334,0.9960248020788961,1.0,99.05754420656805
444,10,24,90,4,0.8894425987449232,12937580.906451143,3869095.34258417,3854079.5781858927,0.9849685602989805,0.9961190503027904,100.01869819069228
445,10,24,90,4,1.0,13995420.318146998,4679079.578185891,3854079.578185891,0.98496856029898,0.8236832722729931,92.45881656888504
446,10,24,90,4,1.0,13814912.089603301,4453966.991436652,3909466.991436661,0.9991236548115782,0.8777494307778066,93.66690078135397
447,10,24,90,4,1.0,13103795.089603327,3909466.99143666,3909466.9914366603,0.9991236548115779,1.0000000000000002,98.75001792623205
448,10,24,90,4,1.0,12917970.318147,3854079.5781858917,3854079.578185891,0.98496856029898,0.9999999999999999,100.17053516388758
449,10,24,90,4,1.0,13759888.872106832,4411835.890750226,3909466.9914366603,0.9991236548115779,0.8861315534499317,94.04145716780563
450,10,24,120,4,0.9115473161274694,17519339.769592073,5249023.728590692,5210630.281463798,0.9987417687803885,0.9926856022925235,92.66330931133028
451,10,24,120,4,1.0,17760964.574232183,5425391.740210979,5216139.398820572,0.9997977227276289,0.9614309249156135,91.40269343002056
452,10,24,120,4,1.0,14397742.356506586,4295144.269202162,4295144.269202173,0.8232670047326462,1.0000000000000024,112.75378874010464
453,10,24,120,4,1.0,17073135.92521157,5184068.292559341,5034265.203414247,0.9649371884345311,0.9711031798404153,95.08505098953476
454,10,24,120,4,0.9336309523809523,18555943.15285877,6071751.711272932,5192143.525916565,0.9951983404546567,0.8551310680699824,87.48679528854319
455,10,24,120,4,0.9312977099236657,17382359.14917096,5184746.889966506,5184746.8899665205,0.9937805984785945,1.0000000000000029,93.39353686507087
456,10,24,120,4,1.0,17298321.861767415,5899788.624679252,4687976.859249897,0.8985627548868153,0.7946008166529465,93.84725368002448
457,10,24,120,4,1.0,19064190.204222385,6424554.993366005,5215318.716228932,0.9996404193038766,0.8117789826087985,85.15441687318275
458,10,24,120,4,1.0,16094907.388082625,5486274.397651422,4364226.301325811,0.8365082264711273,0.7954808646089703,100.8642026236222
459,10,24,120,4,1.0,18358539.02403754,5881296.86983972,5217194.718737713,1.000000000000001,0.8870823619688992,88.42751582108032
460,10,24,150,4,1.0,20167202.66192976,6014804.5688812,6014804.56888122,0.9223047853328342,1.0000000000000033,96.8304842637576
461,10,24,150,4,1.0,17039848.6578082,5082657.324731703,5082657.324731725,0.7793701556090615,1.0000000000000042,114.60195681404512
462,10,24,150,4,1.0,18417840.709209625,5695543.270754681,5364532.876657263,0.8225927021493583,0.9418825600365323,106.0276299937552
463,10,24,150,4,0.9483516483516483,22383730.370116927,6917042.161881059,6521493.398422129,0.9999999999999996,0.9428153314376558,87.24193723344064
464,10,24,150,4,1.0,19279509.60406347,6450886.236948378,5303620.7151174145,0.8132524854507435,0.8221538127180362,101.28888338469022
465,10,24,150,4,0.9443111595783354,22509826.874271993,7013593.849595499,6521493.398422128,0.9999999999999992,0.9298361921539335,86.75322164436491
466,10,24,150,4,0.9722828062522718,15254027.837675005,4791211.992038518,4396862.685573157,0.6742110153231119,0.9176932043247834,128.01864666700666
467,10,24,150,4,1.0,22512225.28104325,7109132.630309812,6461769.025146559,0.990841917697866,0.9089391577246405,86.74397913227992
468,10,24,150,4,0.8618684114867303,17997093.28508583,5367976.140611772,5367976.140611792,0.8231206891830278,1.0000000000000038,108.50641095572267
469,10,24,150,4,1.0,20182431.18313232,6019343.621400591,6019343.621400617,0.9230007996108668,1.0000000000000042,96.75742145634433
470,10,24,180,4,1.0,16961855.290232178,5162808.514375202,4993506.118655385,0.6380831574384936,0.9672073067888504,134.54896065020966
471,10,24,180,4,1.0,22923990.833333313,6836499.9999999935,6836499.999999991,0.8735856935332829,0.9999999999999997,99.5550912837349
472,10,24,180,4,1.0,19541032.499999937,5828166.666666647,5828166.666666668,0.744738246109496,1.0000000000000036,116.7901440213053
473,10,24,180,4,0.9053021978021989,24480151.66666668,7300333.333333337,7300333.33333332,0.932855519348225,0.9999999999999977,93.22654659478889
474,10,24,180,4,1.0,20935945.442103002,6243938.035400795,6243938.035400805,0.7978665894879636,1.0000000000000016,109.00869064219124
475,10,24,180,4,1.0,15866631.87750837,4732965.2888748245,4732965.288874842,0.6047905747605776,1.0000000000000036,143.83644982871988
476,10,24,180,4,0.9923076923076923,22233036.624892075,6675166.66666666,6602115.971152792,0.8436354946897802,0.9890563488281637,102.6490460347127
477,10,24,180,4,0.9365842490842484,24036132.44678274,7167987.813248707,7167987.813248697,0.9159440656878506,0.9999999999999986,94.94871960174585
478,10,24,180,4,1.0,26243065.755380888,7825792.078106574,7825792.07810654,0.9999999999999973,0.9999999999999958,86.9639249191782
479,10,24,180,4,0.9459706959706956,19885479.166666646,5930833.3333333265,5930833.33333334,0.7578572589381005,1.0000000000000022,114.76716154899474
480,10,24,210,4,1.0,25363299.265786946,7563566.596856515,7563566.596856479,0.8284218413056028,0.9999999999999951,102.96767674554228
481,10,24,210,4,1.0,22474979.999999978,6702666.6666666595,6702666.66666666,0.7341292484904455,1.0000000000000002,116.20032587348254
482,10,24,210,4,1.0,25557726.188772894,7770625.302802856,7526479.360653481,0.8243597528568819,0.9685809143234186,102.18436416097276
483,10,24,210,4,1.0,19946987.499999933,5949166.6666666465,5949166.666666664,0.6515999484003,1.000000000000003,130.92703848137512
484,10,24,210,4,1.0,27194438.65056416,8265492.368548073,8009844.940901396,0.877301787396401,0.969070514344739,96.03434119592762
485,10,24,210,4,0.9309223689475793,15075527.499999989,4497166.666666663,4497166.666666669,0.4925653847229391,1.0000000000000013,173.2344025772897
486,10,24,210,4,1.0,14186294.296022464,4232119.511978877,4232119.511978878,0.4635353168168103,1.0000000000000002,184.09317792964703
487,10,24,210,4,1.0,27524814.16666675,8207833.33333336,8207833.333333313,0.8989870474539714,0.9999999999999943,94.88165784467726
488,10,24,210,4,0.9606227106227114,23194627.5,6917166.666666667,6917166.666666654,0.7576229908518731,0.9999999999999981,112.5950395193887
489,10,24,210,4,1.0,27446596.641702816,8569427.958356056,7939185.160935266,0.8695625675090375,0.9264545077590344,95.15205233248815
490,10,27,30,4,0.9632709317823829,4248615.474747584,1270397.0615243667,1270397.0615243667,0.9740077800521408,1.0,149.5075286938595
491,10,27,30,4,1.0,4638332.349206682,1534353.805029314,1292353.8050293133,0.990841917697867,0.8422788803946185,136.94577106115338
492,10,27,30,4,1.0,7026118.994937884,3374693.192728629,1284693.1927286307,0.9849685602989804,0.3806844413283935,90.40552835180323
493,10,27,30,4,1.0,5758984.637710323,2373693.1927286326,1304298.6796844266,1.0,0.5494807347806797,110.2972207705949
494,10,27,30,4,1.0,4296578.994937889,1284693.1927286305,1284693.1927286307,0.9849685602989804,1.0000000000000002,147.83854800490695
495,10,27,30,4,1.0,4913249.768347226,1801042.3055182989,1256542.3055182989,0.9633854002078094,0.6976750638606986,129.28306720577646
496,10,27,30,4,0.8973634651600736,5164650.632501158,1920406.848404737,1303155.6638122203,0.9991236548115782,0.6785831163301355,122.98992617287314
497,10,27,30,4,1.0,5947668.36307935,2519961.0065809945,1303155.6638122203,0.9991236548115782,0.517133265319967,106.79815370054209
498,10,27,30,4,1.0,6277851.292462023,2830939.8048020215,1266086.1757233967,0.9707026430707761,0.4472317544780642,101.18111602335992
499,10,27,30,4,1.0,9295173.845416104,5083135.189074682,1303155.6638122203,0.999123654811578,0.25636848427976644,68.33653792427428
500,10,27,60,4,1.0,9920342.280100837,3517287.164215178,2606311.3276244393,0.9991236548115777,0.7410004375363514,97.23454824082896
501,10,27,60,4,1.0,8837082.330731578,2970138.0720188874,2426378.0748372693,0.9301466422646107,0.8169243368501018,109.15367356548613
502,10,27,60,4,1.0,11084942.800838279,4409018.037674172,2606311.3276244393,0.9991236548115777,0.5911319267360745,87.01894248178293
503,10,27,60,4,1.0,8730607.837513335,2606311.327624442,2606311.3276244393,0.9991236548115776,0.9999999999999989,110.48486175903405
504,10,27,60,4,0.9197473645946912,7733333.300703665,2309061.0931059113,2309061.0931059085,0.8851734380596715,0.9999999999999988,124.73275914698128
505,10,27,60,4,1.0,7496114.162024422,2574256.5808319193,2024256.5808319144,0.7759942612690831,0.7863460837216693,128.68000395280765
506,10,27,60,4,1.0,8606724.65654245,2569386.385457263,2569386.3854572596,0.9849685602989796,0.9999999999999988,112.07515500879349
507,10,27,60,4,1.0,9592567.837513342,3266311.327624444,2606311.3276244393,0.9991236548115776,0.7979372038365932,100.55701625875089
508,10,27,60,4,1.0,8671868.704322454,2588803.389266504,2588803.389266501,0.9924120255541693,0.999999999999999,111.23323390715078
509,10,27,60,4,1.0,8738277.474015841,2608597.359368855,2608597.3593688523,0.9999999999999996,0.9999999999999989,110.38788855908231
510,10,27,90,4,0.9698473282442748,11952145.229425265,3566531.116569875,3566531.116569874,0.9114811845174376,0.9999999999999998,108.26508339392257
511,10,27,90,4,1.0,13113904.45147845,3912808.0829046546,3912808.0829046527,0.9999775214706065,0.9999999999999996,98.67389264484962
512,10,27,90,4,0.914230769230769,11853050.387446407,3536994.651002406,3536994.6510024057,0.9039326922312447,0.9999999999999998,109.1702100052218
513,10,27,90,4,1.0,13196518.26915413,4006669.1423905045,3893301.6280423617,0.9949923507255615,0.9717052967641585,98.05616705920286
514,10,27,90,4,0.9887179487179485,14437056.201494854,4931183.003604767,3909466.9914366603,0.9991236548115779,0.7928050913094855,89.63046080446895
515,10,27,90,4,1.0,13360950.86012219,4116312.886122286,3903666.6166486857,0.9976412809559776,0.9483405962188844,96.8493944440842
516,10,27,90,4,1.0,13759297.277658341,4406845.298855165,3912896.039053279,0.9999999999999997,0.8879131836258907,94.04550057226632
517,10,27,90,4,1.0,13291813.139141485,4261429.450315394,3777429.4503154,0.965379456191569,0.8864230874538652,97.35315915549947
518,10,27,90,4,1.0,15399532.33446441,5668147.883367071,3909466.9914366603,0.9991236548115779,0.689725651461709,84.02852579516369
519,10,27,90,4,1.0,16302839.16918789,6446705.038400981,3854079.578185891,0.98496856029898,0.5978371207040433,79.37267776312483
520,10,27,120,4,1.0,14237685.590788092,4247765.203414235,4247765.203414239,0.8141856749486973,1.0000000000000007,114.02134073324066
521,10,27,120,4,1.0,11869614.757454772,3541931.870080906,3541931.8700809055,0.6788958551537196,0.9999999999999998,136.76939253486853
522,10,27,120,4,1.0,16089699.187765237,4799781.178668228,4799781.1786682485,0.9199927235664972,1.0000000000000042,100.89685214465968
523,10,27,120,4,1.0,17474782.341693275,5212622.655248865,5212622.655248885,0.9991236548115789,1.000000000000004,92.89958342580967
524,10,27,120,4,1.0,9876469.233749354,3653243.1893937467,2498243.1893937485,0.4788479871033441,0.6838425639570768,164.37048114852647
525,10,27,120,4,1.0,16935550.322359856,5667419.875480428,4659573.75873555,0.8931186221592524,0.8221684401564753,95.85752863647068
526,10,27,120,4,1.0,15245318.584565895,4548102.906477664,4548102.9064776795,0.8717525704269835,1.0000000000000036,106.48514762056222
527,10,27,120,4,1.0,17474782.341693267,5212622.655248863,5212622.655248885,0.9991236548115789,1.0000000000000044,92.89958342580971
528,10,27,120,4,1.0,17773263.268137258,5433995.372213163,5217194.718737711,1.0000000000000009,0.960102900605314,91.33944484524264
529,10,27,120,4,1.0,19717035.21903509,6922335.3039879035,5217194.718737711,1.0000000000000007,0.7536755285072836,82.334893758913
530,10,27,150,4,1.0,15181131.28681253,4528971.074062354,4528971.074062371,0.6944683981675348,1.0000000000000038,128.63336487290303
531,10,27,150,4,1.0,22298706.53852894,7006578.442335973,6423465.963643154,0.9849685602989806,0.9167764289671735,87.57458629386615
532,10,27,150,4,1.0,17563908.09763893,6005418.47898305,4750804.407395706,0.728484124287415,0.7910863204657471,111.18254486098738
533,10,27,150,4,1.0,24070443.754983906,8209395.442789899,6521493.398422129,0.9999999999999996,0.7943938678395361,81.12854170358463
534,10,27,150,4,1.0,21883586.168328673,6543892.082112694,6515778.319061098,0.9991236548115777,0.9957038162153615,89.2358311375042
535,10,27,150,4,1.0,22922521.262378503,7461990.795465142,6437641.75215602,0.9871422631070361,0.8627244295273526,85.19132680247635
536,10,27,150,4,1.0,21866043.685039546,6521493.398422119,6521493.3984221285,0.9999999999999994,1.0000000000000013,89.30742241844507
537,10,27,150,4,1.0,23391906.206618782,7689841.424133626,6521493.398422133,1.0000000000000002,0.8480660443731941,83.48186687955562
538,10,27,150,4,1.0,18012276.77126426,5372829.6387275485,5372829.638727568,0.823864920269262,1.0000000000000038,108.41494525086267
539,10,27,150,4,1.0,22469031.823002357,7014914.323411839,6501278.8595867045,0.9969003205860304,0.9267795100346545,86.9107318634374
540,10,27,180,4,1.0,23172721.8775084,6910965.288874835,6910965.288874829,0.8831010611959585,0.9999999999999992,98.48648821074053
541,10,27,180,4,1.0,23193527.499999978,6917166.666666662,6917166.666666657,0.8838934893271858,0.9999999999999992,98.39814146425127
542,10,27,180,4,1.0,22889391.4166971,6826515.077008574,6826515.07700857,0.872309794187662,0.9999999999999992,99.70557794451477
543,10,27,180,4,1.0,24806373.78156648,7550693.335066055,7300505.101335684,0.9328774683088731,0.9668655284186319,92.00054873380543
544,10,27,180,4,1.0,26218956.845873382,7818933.982873337,7818933.9828733,0.9991236548115754,0.9999999999999952,87.04389016755245
545,10,27,180,4,1.0,23820915.54598669,7104167.5745613575,7104167.574561346,0.90778895013528,0.9999999999999983,95.80656107000478
546,10,27,180,4,1.0,19970636.586617284,5971979.398324477,5946704.811650662,0.7598853575840797,0.9957678041084826,114.27777928367827
547,10,27,180,4,1.0,17219610.527649086,5136565.482657452,5136565.48265747,0.6563636538501358,1.0000000000000036,132.53493720636305
548,10,27,180,4,1.0,20284183.333333265,6049999.9999999795,6049999.999999997,0.7730846845427289,1.0000000000000029,112.51130807172457
549,10,27,180,4,1.0,25202496.877508435,7515965.288874845,7515965.288874823,0.9604095296502306,0.9999999999999971,90.55451970065366
550,10,27,210,4,1.0,30617887.82572223,9130090.75779103,9130090.757790988,0.9999999999999999,0.9999999999999956,85.29654347371353
551,10,27,210,4,1.0,27535914.37150599,8246352.385648072,8189236.126167002,0.8969501337299275,0.9930737546966251,94.84340940217584
552,10,27,210,4,1.0,20025054.606323637,5972763.41966924,5972763.419669265,0.6541844520628144,1.000000000000004,130.4166231424554
553,10,27,210,4,1.0,20550656.704368982,6129425.743974858,6129425.743974871,0.6713433531582851,1.000000000000002,127.08109709432229
554,10,27,210,4,1.0,22591883.53387917,6737839.105974914,6737839.105974923,0.7379816131866286,1.0000000000000013,115.59903786169934
555,10,27,210,4,1.0,23459449.133617762,6996427.958356015,6996427.958356008,0.7663043165683473,0.9999999999999989,111.32401213366667
556,10,27,210,4,1.0,19729913.30153752,5884792.837020623,5884792.837020639,0.6445492156799167,1.0000000000000029,132.36753553278322
557,10,27,210,4,1.0,24193784.633206956,7215305.901601678,7215305.901601665,0.7902775660192228,0.9999999999999982,107.94507926698961
558,10,27,210,4,0.9392307692307675,11691469.166666666,3488833.333333333,3488833.333333333,0.3821247155025489,1.0,223.37654599012114
559,10,27,210,4,1.0,19000529.501948882,5667390.8103176,5667390.810317626,0.6207376203222805,1.0000000000000044,137.4488010837871
560,10,30,30,4,1.0,5590403.838894611,2247246.9758116687,1303155.6638122203,0.9991236548115782,0.5798898286831788,113.6232762972626
561,10,30,30,4,1.0,4862933.531979395,1719191.3068492305,1284693.1927286305,0.9849685602989803,0.747265989311622,130.62074482878032
562,10,30,30,4,1.0,7168678.994937884,3484693.192728629,1284693.1927286305,0.9849685602989803,0.3686675186812282,88.60767799039996
563,10,30,30,4,1.0,4795894.661604555,1667859.8593952972,1284693.1927286305,0.9849685602989803,0.7702644712574422,132.4466121170981
564,10,30,30,4,1.0,4720405.403674587,1579298.679684427,1304298.6796844266,1.0,0.825872076297214,134.56471334125885
565,10,30,30,4,1.0,4295478.994937889,1284693.1927286305,1284693.1927286307,0.9849685602989804,1.0000000000000002,147.87640697313773
566,10,30,30,4,1.0,6300665.403674584,2789298.679684427,1304298.6796844269,1.0000000000000002,0.46760810851277906,100.81474880883974
567,10,30,30,4,1.0,6391650.070341271,2858965.3463510987,1304298.6796844269,1.0000000000000002,0.45621353240573725,99.37965830568139
568,10,30,30,4,1.0,4994831.16960442,1789425.60612381,1304298.6796844269,1.0000000000000002,0.7288923748608651,127.17146554731428
569,10,30,30,4,1.0,5547183.304376988,2212359.8593952986,1304298.6796844269,1.0000000000000002,0.5895508699208315,114.5085650042964
570,10,30,60,4,1.0,9229431.94282968,2985515.023085421,2608597.3593688523,0.9999999999999997,0.8737512084842776,104.51347449930492
571,10,30,60,4,1.0,10443614.537985988,3976729.3268382302,2569386.38545726,0.9849685602989798,0.6461054233983022,92.3626582053094
572,10,30,60,4,1.0,8670768.704322454,2588803.389266504,2588803.3892665007,0.9924120255541692,0.9999999999999989,111.24734529236589
573,10,30,60,4,1.0,11191504.656542415,4549386.385457252,2569386.38545726,0.9849685602989798,0.5647764704424012,86.1903765045665
574,10,30,60,4,1.0,8416732.203361124,2513084.6110365996,2513084.6110365973,0.9633854002078092,0.9999999999999991,114.60504821750159
575,10,30,60,4,1.0,8737177.474015841,2608597.3593688547,2608597.3593688523,0.9999999999999997,0.9999999999999991,110.40178625977298
576,10,30,60,4,1.0,10043525.851396456,3612450.695069398,2606311.327624439,0.9991236548115775,0.7214801107685068,96.04196915228546
577,10,30,60,4,1.0,10543602.848941514,4022826.470904382,2588803.3892665016,0.9924120255541694,0.6435284763064876,91.4867539891108
578,10,30,60,4,1.0,7055789.2283564545,2107438.418784835,2107438.4187848335,0.8078818339733065,0.9999999999999994,136.71043291987476
579,10,30,60,4,1.0,8344194.585928233,2491463.860684024,2491463.860684021,0.9550971336131489,0.9999999999999989,115.60133096928432
580,10,30,90,4,1.0,12915770.318147,3854079.5781858917,3854079.578185891,0.98496856029898,0.9999999999999999,100.18759765198794
581,10,30,90,4,1.0,13719675.480222708,4377349.282441975,3912896.039053284,1.0000000000000009,0.8938962341315411,94.31709969126725
582,10,30,90,4,1.0,13850435.071996242,4482851.357740581,3909466.9914366603,0.9991236548115779,0.8720938258829724,93.4266680630342
583,10,30,90,4,1.0,13238353.002450773,4101080.102155094,3854079.578185891,0.98496856029898,0.9397718362439675,97.74629818078171
584,10,30,90,4,1.0,13642260.821128357,4323453.003324134,3909466.9914366617,0.9991236548115783,0.904246441080966,94.85231348134954
585,10,30,90,4,1.0,13101595.08960333,3909466.9914366603,3909466.99143666,0.9991236548115778,0.9999999999999999,98.766599879647
586,10,30,90,4,1.0,15537638.958985543,5861635.964739174,3854079.578185891,0.98496856029898,0.6575092007368265,83.28163650962357
587,10,30,90,4,1.0,11497274.881435698,3431279.1499559954,3431279.149955992,0.8769154906518256,0.9999999999999991,112.54840937041374
588,10,30,90,4,1.0,13430888.048520606,4556834.910604944,3657554.0858649155,0.9347434865020988,0.8026523140772189,96.34508122808248
589,10,30,90,4,1.0,12992874.380953375,3877061.4150879406,3877061.4150879392,0.9908419176978668,0.9999999999999997,99.59305093389585
590,10,30,120,4,1.0,17447735.331808418,5204888.822198236,5204888.822198251,0.9976412809559784,1.0000000000000029,93.04359386059866
591,10,30,120,4,1.0,15073440.590000162,4497200.374565373,4497200.374565387,0.8619958841891718,1.000000000000003,107.69936633292443
592,10,30,120,4,1.0,12507261.662199948,4287863.518644068,3378222.8274853504,0.6475171063392295,0.7878568925518484,129.7965968767023
593,10,30,120,4,1.0,14530963.446505886,4335508.230453815,4335508.230453831,0.8310037221502825,1.0000000000000036,111.72005256061412
594,10,30,120,4,1.0,17619331.501869455,5374684.818888482,5180409.856060424,0.9929493023242607,0.9638537013100174,92.13743437585887
595,10,30,120,4,1.0,17473682.341693275,5212622.655248865,5212622.655248884,0.9991236548115787,1.0000000000000038,92.90543162310261
596,10,30,120,4,1.0,14256042.114744987,4598423.481791849,4033756.815125187,0.77316585494458,0.8772042921008592,113.87452330271398
597,10,30,120,4,1.0,17011499.499375112,5074863.23876059,5074863.2387606,0.9727187717441483,1.000000000000002,95.42956516323754
598,10,30,120,4,1.0,13436420.22214508,4311577.314101862,3816577.314101869,0.731538215431086,0.8851928276037175,120.82087141963692
599,10,30,120,4,1.0,12509250.45730539,3732911.214298676,3732911.2142986776,0.7155016087269693,1.0000000000000004,129.7759610410499
600,10,30,150,4,1.0,19635186.65829513,5856886.236948375,5856886.236948389,0.8980897287062278,1.0000000000000024,99.45410929796358
601,10,30,150,4,1.0,16240797.95347917,5214637.7407290125,4609637.740729039,0.7068377531202187,0.8839804354433652,120.24039739880288
602,10,30,150,4,1.0,21864943.68503954,6521493.398422116,6521493.398422128,0.9999999999999992,1.0000000000000016,89.31191537146046
603,10,30,150,4,1.0,20311588.437930916,6058496.305394213,6058496.305394229,0.9290044373670722,1.0000000000000024,96.14216071615748
604,10,30,150,4,1.0,19354048.840658795,5889571.411434423,5698845.897507142,0.8738559635567479,0.9676164018391911,100.89878433589446
605,10,30,150,4,1.0,22861824.016094226,7316516.308933955,6501278.859586712,0.9969003205860316,0.8885757353739808,85.41750643453783
606,10,30,150,4,1.0,14618017.429138271,4433992.504832231,4315222.003169381,0.6616923056632158,0.9732136440164452,133.5885669494045
607,10,30,150,4,1.0,19237817.409603007,6439488.024022089,5291611.867690026,0.811411059462289,0.8217441895924045,101.50839663470421
608,10,30,150,4,1.0,19974033.094455693,5984950.202161299,5940631.916593325,0.9109312167717066,0.9925950452266137,97.7669352386349
609,10,30,150,4,1.0,17589599.811423168,6096403.797285719,4705887.320075526,0.7215965780497623,0.7719120118274829,111.02014945967095
610,10,30,180,4,1.0,24186509.377508435,7213465.288874845,7213465.2888748245,0.9217552954230943,0.9999999999999971,94.35838650294315
611,10,30,180,4,1.0,18875324.746612266,6355601.878256304,5168167.574561365,0.6604018510816091,0.8131672929738768,120.90917802140639
612,10,30,180,4,1.0,18001127.212653287,5369834.241228004,5369834.241228025,0.686171340566366,1.000000000000004,126.78094949497408
613,10,30,180,4,1.0,19895583.87931995,5934500.90789467,5934500.90789469,0.758325911123687,1.0000000000000033,114.70887277513806
614,10,30,180,4,1.0,23586711.395379193,7034687.946958527,7034687.946958513,0.8989106631952003,0.999999999999998,96.75787191117705
615,10,30,180,4,1.0,24022947.33582377,7216377.294158878,7131783.922068798,0.9113178386147875,0.9882775846325895,95.0008326662196
616,10,30,180,4,1.0,12416382.716767235,3705230.8147343965,3705230.8147344003,0.4734639992672634,1.000000000000001,183.80554562949234
617,10,30,180,4,1.0,19809469.166666597,5908833.3333333125,5908833.333333334,0.755046041903399,1.0000000000000038,115.20752932846172
618,10,30,180,4,1.0,26398826.197128158,7946741.8803632865,7825792.078106543,0.9999999999999977,0.9847799508178797,86.45081349292239
619,10,30,180,4,1.0,20836875.04637857,6525367.219106567,6017282.637819469,0.7689039751839845,0.9221370132550695,109.52698016954534
620,10,30,210,4,1.0,28317864.799247693,8444867.799080288,8444867.799080243,0.9249489433469186,0.9999999999999947,92.22446743475452
621,10,30,210,4,1.0,24410292.500000015,7280166.666666673,7280166.666666654,0.7973816317712135,0.9999999999999976,106.98765694839578
622,10,30,210,4,1.0,15614600.833333304,4658499.999999991,4658500.000000006,0.5102358917982017,1.000000000000003,167.25371515260775
623,10,30,210,4,1.0,24758144.220004864,7612000.000000014,7238427.9583560005,0.79281007718124,0.9509232735622684,105.48448125969786
624,10,30,210,4,1.0,16533766.832239766,4932469.001164361,4932469.001164383,0.5402431511379396,1.0000000000000044,157.95553587386695
625,10,30,210,4,1.0,25019225.00000001,7461666.666666671,7461666.666666653,0.8172609522308836,0.9999999999999976,104.38372891246627
626,10,30,210,4,1.0,16291192.499999966,4860166.666666656,4860166.666666673,0.5323240256422798,1.0000000000000033,160.30747902586046
627,10,30,210,4,1.0,22686467.846075386,6766359.020191371,6766359.020191382,0.7411053405375448,1.0000000000000016,115.11708291124702
628,10,30,210,4,1.0,22651154.166666657,6755833.33333333,6755833.333333323,0.7399524837766109,0.9999999999999989,115.29655313737697
629,10,30,210,4,1.0,20729625.73653255,6773472.568268334,5806801.966344934,0.6360070365554483,0.8572858172553974,125.98394361734593
